Date, Open , High , Low , Close , Adj_Close , Volume 
09/01/2018, 22.34 , 22.59 , 21.83 , 22.25 , 22.25 ," 107,199,000.00 "
10/01/2018, 22.15 , 22.47 , 22.00 , 22.32 , 22.32 ," 64,648,500.00 "
11/01/2018, 22.35 , 22.99 , 22.22 , 22.53 , 22.53 ," 99,682,500.00 "
12/01/2018, 22.58 , 22.69 , 22.24 , 22.41 , 22.41 ," 72,376,500.00 "
16/01/2018, 22.50 , 23.00 , 22.32 , 22.67 , 22.67 ," 97,114,500.00 "
17/01/2018, 22.70 , 23.27 , 22.65 , 23.14 , 23.14 ," 106,552,500.00 "
18/01/2018, 23.04 , 23.49 , 22.92 , 22.97 , 22.97 ," 85,287,000.00 "
19/01/2018, 23.00 , 23.37 , 22.84 , 23.33 , 23.33 ," 73,324,500.00 "
22/01/2018, 23.29 , 23.86 , 23.28 , 23.44 , 23.44 ," 93,156,000.00 "
23/01/2018, 24.00 , 24.03 , 23.40 , 23.52 , 23.52 ," 81,981,000.00 "
24/01/2018, 23.64 , 23.65 , 22.90 , 23.06 , 23.06 ," 79,312,500.00 "
25/01/2018, 23.22 , 23.28 , 22.43 , 22.51 , 22.51 ," 101,104,500.00 "
26/01/2018, 22.77 , 22.93 , 22.38 , 22.86 , 22.86 ," 68,091,000.00 "
29/01/2018, 22.66 , 23.39 , 22.55 , 23.30 , 23.30 ," 71,206,500.00 "
30/01/2018, 23.01 , 23.22 , 22.81 , 23.05 , 23.05 ," 70,765,500.00 "
31/01/2018, 23.17 , 23.75 , 23.01 , 23.62 , 23.62 ," 93,211,500.00 "
01/02/2018, 23.40 , 23.98 , 23.24 , 23.28 , 23.28 ," 62,965,500.00 "
02/02/2018, 23.23 , 23.46 , 22.70 , 22.92 , 22.92 ," 55,572,000.00 "
05/02/2018, 22.53 , 22.96 , 22.20 , 22.21 , 22.21 ," 66,961,500.00 "
06/02/2018, 21.68 , 22.41 , 21.57 , 22.26 , 22.26 ," 76,326,000.00 "
07/02/2018, 22.60 , 23.07 , 22.38 , 23.00 , 23.00 ," 104,538,000.00 "
08/02/2018, 22.89 , 23.24 , 20.97 , 21.02 , 21.02 ," 154,719,000.00 "
09/02/2018, 21.33 , 21.40 , 19.65 , 20.69 , 20.69 ," 194,005,500.00 "
12/02/2018, 21.08 , 21.21 , 20.42 , 21.05 , 21.05 ," 93,417,000.00 "
13/02/2018, 21.00 , 21.61 , 20.83 , 21.58 , 21.58 ," 68,403,000.00 "
14/02/2018, 21.39 , 21.74 , 21.23 , 21.49 , 21.49 ," 59,260,500.00 "
15/02/2018, 21.63 , 22.27 , 21.49 , 22.27 , 22.27 ," 88,693,500.00 "
16/02/2018, 22.17 , 22.87 , 22.11 , 22.37 , 22.37 ," 84,639,000.00 "
20/02/2018, 22.30 , 22.72 , 22.10 , 22.32 , 22.32 ," 60,141,000.00 "
21/02/2018, 22.40 , 22.65 , 22.21 , 22.22 , 22.22 ," 48,294,000.00 "
22/02/2018, 22.37 , 23.16 , 22.32 , 23.08 , 23.08 ," 104,547,000.00 "
23/02/2018, 23.19 , 23.67 , 23.14 , 23.47 , 23.47 ," 87,261,000.00 "
26/02/2018, 23.57 , 23.93 , 23.49 , 23.83 , 23.83 ," 65,100,000.00 "
27/02/2018, 23.75 , 24.00 , 23.33 , 23.40 , 23.40 ," 71,961,000.00 "
28/02/2018, 23.50 , 23.68 , 22.81 , 22.87 , 22.87 ," 91,045,500.00 "
01/03/2018, 23.00 , 23.24 , 22.00 , 22.06 , 22.06 ," 103,284,000.00 "
02/03/2018, 21.80 , 22.35 , 21.53 , 22.34 , 22.34 ," 76,392,000.00 "
05/03/2018, 22.16 , 22.52 , 21.95 , 22.22 , 22.22 ," 57,357,000.00 "
06/03/2018, 22.25 , 22.42 , 21.80 , 21.88 , 21.88 ," 64,285,500.00 "
07/03/2018, 21.70 , 22.17 , 21.45 , 22.15 , 22.15 ," 75,109,500.00 "
08/03/2018, 22.19 , 22.22 , 21.75 , 21.94 , 21.94 ," 53,493,000.00 "
09/03/2018, 21.61 , 21.90 , 21.49 , 21.81 , 21.81 ," 82,602,000.00 "
12/03/2018, 21.91 , 23.15 , 21.77 , 23.03 , 23.03 ," 123,960,000.00 "
13/03/2018, 21.91 , 23.15 , 21.77 , 22.79 , 22.79 ," 89,487,000.00 "
14/03/2018, 22.45 , 22.65 , 21.60 , 21.78 , 21.78 ," 119,511,000.00 "
15/03/2018, 21.96 , 22.19 , 21.41 , 21.71 , 21.71 ," 98,472,000.00 "
16/03/2018, 21.53 , 21.83 , 21.27 , 21.42 , 21.42 ," 91,759,500.00 "
19/03/2018, 21.10 , 21.38 , 20.64 , 20.90 , 20.90 ," 112,264,500.00 "
20/03/2018, 20.99 , 21.08 , 20.58 , 20.70 , 20.70 ," 71,464,500.00 "
21/03/2018, 20.68 , 21.50 , 20.68 , 21.10 , 21.10 ," 89,376,000.00 "
22/03/2018, 20.93 , 21.25 , 20.55 , 20.61 , 20.61 ," 74,097,000.00 "
23/03/2018, 20.75 , 20.75 , 20.03 , 20.10 , 20.10 ," 99,823,500.00 "
26/03/2018, 20.49 , 20.51 , 19.42 , 20.28 , 20.28 ," 125,628,000.00 "
27/03/2018, 20.27 , 20.28 , 18.48 , 18.61 , 18.61 ," 208,080,000.00 "
28/03/2018, 17.64 , 17.91 , 16.81 , 17.19 , 17.19 ," 315,021,000.00 "
29/03/2018, 17.10 , 18.06 , 16.55 , 17.74 , 17.74 ," 227,560,500.00 "
02/04/2018, 17.08 , 17.36 , 16.31 , 16.83 , 16.83 ," 241,710,000.00 "
03/04/2018, 17.99 , 18.22 , 16.97 , 17.84 , 17.84 ," 282,666,000.00 "
04/04/2018, 16.85 , 19.22 , 16.80 , 19.13 , 19.13 ," 298,450,500.00 "
05/04/2018, 19.29 , 20.42 , 19.21 , 20.38 , 20.38 ," 286,816,500.00 "
06/04/2018, 20.07 , 20.62 , 19.70 , 19.95 , 19.95 ," 202,804,500.00 "
09/04/2018, 20.02 , 20.63 , 19.28 , 19.31 , 19.31 ," 153,747,000.00 "
10/04/2018, 19.93 , 20.47 , 19.58 , 20.31 , 20.31 ," 164,847,000.00 "
11/04/2018, 20.05 , 20.60 , 19.98 , 20.06 , 20.06 ," 112,243,500.00 "
12/04/2018, 20.15 , 20.26 , 19.58 , 19.61 , 19.61 ," 114,132,000.00 "
13/04/2018, 20.24 , 20.26 , 19.73 , 20.02 , 20.02 ," 109,908,000.00 "
16/04/2018, 19.93 , 19.98 , 19.27 , 19.41 , 19.41 ," 95,077,500.00 "
17/04/2018, 19.26 , 19.48 , 18.83 , 19.18 , 19.18 ," 105,000,000.00 "
18/04/2018, 19.41 , 20.02 , 19.21 , 19.56 , 19.56 ," 98,365,500.00 "
19/04/2018, 19.41 , 20.07 , 19.24 , 20.01 , 20.01 ," 91,359,000.00 "
20/04/2018, 19.68 , 20.00 , 19.32 , 19.35 , 19.35 ," 84,418,500.00 "
23/04/2018, 19.42 , 19.44 , 18.82 , 18.89 , 18.89 ," 73,401,000.00 "
24/04/2018, 19.00 , 19.14 , 18.56 , 18.90 , 18.90 ," 85,279,500.00 "
25/04/2018, 18.90 , 19.01 , 18.48 , 18.71 , 18.71 ," 60,204,000.00 "
26/04/2018, 18.58 , 19.05 , 18.43 , 19.03 , 19.03 ," 65,340,000.00 "
27/04/2018, 19.02 , 19.63 , 18.92 , 19.61 , 19.61 ," 65,469,000.00 "
30/04/2018, 19.57 , 19.92 , 19.50 , 19.59 , 19.59 ," 63,423,000.00 "
01/05/2018, 19.57 , 20.05 , 19.55 , 19.99 , 19.99 ," 69,384,000.00 "
02/05/2018, 19.90 , 20.46 , 19.85 , 20.08 , 20.08 ," 134,556,000.00 "
03/05/2018, 18.59 , 19.20 , 18.35 , 18.96 , 18.96 ," 260,281,500.00 "
04/05/2018, 18.87 , 19.79 , 18.63 , 19.61 , 19.61 ," 128,541,000.00 "
07/05/2018, 19.83 , 20.40 , 19.68 , 20.18 , 20.18 ," 130,173,000.00 "
08/05/2018, 20.05 , 20.52 , 19.93 , 20.13 , 20.13 ," 88,950,000.00 "
09/05/2018, 20.03 , 20.47 , 20.00 , 20.46 , 20.46 ," 85,911,000.00 "
10/05/2018, 20.50 , 20.87 , 20.27 , 20.33 , 20.33 ," 84,774,000.00 "
11/05/2018, 20.51 , 20.59 , 19.94 , 20.07 , 20.07 ," 70,194,000.00 "
14/05/2018, 20.22 , 20.33 , 19.44 , 19.46 , 19.46 ," 109,302,000.00 "
15/05/2018, 19.00 , 19.13 , 18.70 , 18.95 , 18.95 ," 142,788,000.00 "
16/05/2018, 18.92 , 19.25 , 18.77 , 19.10 , 19.10 ," 85,110,000.00 "
17/05/2018, 19.06 , 19.28 , 18.93 , 18.97 , 18.97 ," 66,309,000.00 "
18/05/2018, 18.98 , 18.98 , 18.27 , 18.45 , 18.45 ," 108,778,500.00 "
21/05/2018, 18.76 , 19.43 , 18.75 , 18.97 , 18.97 ," 137,739,000.00 "
22/05/2018, 19.18 , 19.20 , 18.23 , 18.33 , 18.33 ," 134,187,000.00 "
23/05/2018, 18.52 , 18.66 , 18.27 , 18.60 , 18.60 ," 89,776,500.00 "
24/05/2018, 18.56 , 18.74 , 18.33 , 18.52 , 18.52 ," 62,650,500.00 "
25/05/2018, 18.51 , 18.64 , 18.37 , 18.59 , 18.59 ," 58,126,500.00 "
29/05/2018, 18.57 , 19.10 , 18.41 , 18.92 , 18.92 ," 84,999,000.00 "
30/05/2018, 18.89 , 19.67 , 18.77 , 19.45 , 19.45 ," 112,345,500.00 "
31/05/2018, 19.15 , 19.36 , 18.86 , 18.98 , 18.98 ," 88,795,500.00 "
01/06/2018, 19.06 , 19.46 , 18.92 , 19.45 , 19.45 ," 81,366,000.00 "
04/06/2018, 19.62 , 19.93 , 19.57 , 19.78 , 19.78 ," 71,967,000.00 "
05/06/2018, 19.85 , 19.85 , 19.12 , 19.41 , 19.41 ," 89,928,000.00 "
06/06/2018, 20.03 , 21.48 , 19.83 , 21.30 , 21.30 ," 281,509,500.00 "
07/06/2018, 21.08 , 22.00 , 20.91 , 21.07 , 21.07 ," 215,179,500.00 "
08/06/2018, 21.27 , 21.63 , 21.14 , 21.18 , 21.18 ," 123,078,000.00 "
11/06/2018, 21.50 , 22.31 , 21.50 , 22.14 , 22.14 ," 197,752,500.00 "
12/06/2018, 22.98 , 23.66 , 22.53 , 22.85 , 22.85 ," 335,211,000.00 "
13/06/2018, 23.11 , 23.15 , 22.65 , 22.99 , 22.99 ," 142,047,000.00 "
14/06/2018, 23.18 , 23.92 , 23.11 , 23.85 , 23.85 ," 164,715,000.00 "
15/06/2018, 23.59 , 24.31 , 23.42 , 23.88 , 23.88 ," 162,724,500.00 "
18/06/2018, 23.69 , 24.92 , 23.63 , 24.72 , 24.72 ," 181,098,000.00 "
19/06/2018, 24.34 , 24.67 , 23.08 , 23.50 , 23.50 ," 191,428,500.00 "
20/06/2018, 23.87 , 24.29 , 23.47 , 24.15 , 24.15 ," 125,755,500.00 "
21/06/2018, 24.13 , 24.41 , 23.08 , 23.17 , 23.17 ," 119,506,500.00 "
22/06/2018, 23.44 , 23.48 , 22.13 , 22.24 , 22.24 ," 153,991,500.00 "
25/06/2018, 22.01 , 22.56 , 21.83 , 22.20 , 22.20 ," 103,969,500.00 "
26/06/2018, 22.40 , 22.90 , 21.72 , 22.80 , 22.80 ," 111,787,500.00 "
27/06/2018, 23.00 , 23.39 , 22.63 , 22.97 , 22.97 ," 125,005,500.00 "
28/06/2018, 23.24 , 23.80 , 23.07 , 23.33 , 23.33 ," 125,970,000.00 "
29/06/2018, 23.56 , 23.59 , 22.83 , 22.86 , 22.86 ," 97,386,000.00 "
02/07/2018, 24.00 , 24.32 , 21.99 , 22.34 , 22.34 ," 281,397,000.00 "
03/07/2018, 22.12 , 22.17 , 20.65 , 20.72 , 20.72 ," 184,239,000.00 "
05/07/2018, 20.92 , 20.96 , 19.75 , 20.61 , 20.61 ," 262,146,000.00 "
06/07/2018, 20.33 , 20.80 , 20.13 , 20.59 , 20.59 ," 132,982,500.00 "
09/07/2018, 20.80 , 21.23 , 20.53 , 21.23 , 21.23 ," 113,952,000.00 "
10/07/2018, 21.64 , 21.85 , 21.28 , 21.50 , 21.50 ," 142,072,500.00 "
11/07/2018, 21.05 , 21.46 , 21.00 , 21.26 , 21.26 ," 73,261,500.00 "
12/07/2018, 21.43 , 21.55 , 20.85 , 21.11 , 21.11 ," 85,818,000.00 "
13/07/2018, 21.04 , 21.31 , 20.62 , 21.26 , 21.26 ," 88,047,000.00 "
16/07/2018, 20.78 , 21.01 , 20.42 , 20.67 , 20.67 ," 117,280,500.00 "
17/07/2018, 20.59 , 21.65 , 20.57 , 21.51 , 21.51 ," 104,943,000.00 "
18/07/2018, 21.67 , 21.70 , 21.08 , 21.59 , 21.59 ," 84,363,000.00 "
19/07/2018, 21.09 , 21.57 , 20.93 , 21.35 , 21.35 ," 88,729,500.00 "
20/07/2018, 21.42 , 21.55 , 20.78 , 20.91 , 20.91 ," 77,433,000.00 "
23/07/2018, 20.12 , 20.37 , 19.52 , 20.21 , 20.21 ," 164,893,500.00 "
24/07/2018, 20.29 , 20.51 , 19.50 , 19.83 , 19.83 ," 143,862,000.00 "
25/07/2018, 19.78 , 20.64 , 19.63 , 20.58 , 20.58 ," 106,131,000.00 "
26/07/2018, 20.32 , 20.71 , 20.24 , 20.44 , 20.44 ," 69,457,500.00 "
27/07/2018, 20.48 , 20.51 , 19.69 , 19.81 , 19.81 ," 85,549,500.00 "
30/07/2018, 19.73 , 19.74 , 19.08 , 19.34 , 19.34 ," 102,211,500.00 "
31/07/2018, 19.48 , 19.89 , 19.27 , 19.88 , 19.88 ," 76,153,500.00 "
01/08/2018, 19.87 , 20.20 , 19.53 , 20.06 , 20.06 ," 151,941,000.00 "
02/08/2018, 21.90 , 23.33 , 21.54 , 23.30 , 23.30 ," 348,225,000.00 "
03/08/2018, 23.19 , 23.67 , 22.84 , 23.21 , 23.21 ," 204,847,500.00 "
06/08/2018, 23.03 , 23.67 , 22.79 , 22.80 , 22.80 ," 128,464,500.00 "
07/08/2018, 22.92 , 25.83 , 22.61 , 25.30 , 25.30 ," 463,137,000.00 "
08/08/2018, 24.61 , 25.51 , 24.47 , 24.69 , 24.69 ," 368,568,000.00 "
09/08/2018, 24.37 , 24.47 , 23.05 , 23.50 , 23.50 ," 257,757,000.00 "
10/08/2018, 23.60 , 24.00 , 23.07 , 23.70 , 23.70 ," 173,280,000.00 "
13/08/2018, 24.08 , 24.21 , 23.27 , 23.76 , 23.76 ," 156,958,500.00 "
14/08/2018, 23.90 , 23.95 , 23.14 , 23.18 , 23.18 ," 104,796,000.00 "
15/08/2018, 22.79 , 22.97 , 22.14 , 22.58 , 22.58 ," 136,519,500.00 "
16/08/2018, 22.66 , 22.82 , 22.25 , 22.36 , 22.36 ," 90,960,000.00 "
17/08/2018, 21.57 , 21.78 , 20.24 , 20.37 , 20.37 ," 284,379,000.00 "
20/08/2018, 19.45 , 20.57 , 19.21 , 20.56 , 20.56 ," 261,034,500.00 "
21/08/2018, 20.71 , 21.65 , 20.60 , 21.46 , 21.46 ," 197,583,000.00 "
22/08/2018, 21.39 , 21.59 , 20.98 , 21.44 , 21.44 ," 89,190,000.00 "
23/08/2018, 21.28 , 21.82 , 21.21 , 21.34 , 21.34 ," 77,209,500.00 "
24/08/2018, 21.38 , 21.59 , 21.29 , 21.52 , 21.52 ," 54,039,000.00 "
27/08/2018, 21.20 , 21.50 , 20.59 , 21.28 , 21.28 ," 196,189,500.00 "
28/08/2018, 21.23 , 21.26 , 20.75 , 20.79 , 20.79 ," 114,736,500.00 "
29/08/2018, 20.68 , 20.79 , 20.25 , 20.33 , 20.33 ," 111,711,000.00 "
30/08/2018, 20.15 , 20.31 , 19.85 , 20.21 , 20.21 ," 108,250,500.00 "
31/08/2018, 20.13 , 20.35 , 19.91 , 20.11 , 20.11 ," 80,626,500.00 "
04/09/2018, 19.80 , 19.88 , 19.20 , 19.26 , 19.26 ," 125,257,500.00 "
05/09/2018, 19.00 , 19.12 , 18.48 , 18.72 , 18.72 ," 115,812,000.00 "
06/09/2018, 18.99 , 19.41 , 18.59 , 18.73 , 18.73 ," 112,212,000.00 "
07/09/2018, 17.34 , 17.89 , 16.82 , 17.55 , 17.55 ," 337,378,500.00 "
10/09/2018, 18.22 , 19.07 , 18.07 , 19.03 , 19.03 ," 214,252,500.00 "
11/09/2018, 18.63 , 18.80 , 18.24 , 18.63 , 18.63 ," 137,550,000.00 "
12/09/2018, 18.76 , 19.50 , 18.58 , 19.37 , 19.37 ," 150,231,000.00 "
13/09/2018, 19.20 , 19.67 , 19.01 , 19.30 , 19.30 ," 95,104,500.00 "
14/09/2018, 19.25 , 19.82 , 19.10 , 19.68 , 19.68 ," 101,484,000.00 "
17/09/2018, 19.34 , 20.06 , 19.21 , 19.66 , 19.66 ," 103,314,000.00 "
18/09/2018, 19.78 , 20.18 , 18.37 , 19.00 , 19.00 ," 248,212,500.00 "
19/09/2018, 18.70 , 20.00 , 18.70 , 19.93 , 19.93 ," 124,423,500.00 "
20/09/2018, 20.24 , 20.40 , 19.56 , 19.89 , 19.89 ," 110,241,000.00 "
21/09/2018, 19.85 , 20.04 , 19.69 , 19.94 , 19.94 ," 75,757,500.00 "
24/09/2018, 19.90 , 20.20 , 19.57 , 19.98 , 19.98 ," 72,645,000.00 "
25/09/2018, 20.00 , 20.31 , 19.77 , 20.07 , 20.07 ," 67,225,500.00 "
26/09/2018, 20.13 , 20.93 , 20.07 , 20.64 , 20.64 ," 117,648,000.00 "
27/09/2018, 20.86 , 21.00 , 20.46 , 20.50 , 20.50 ," 127,636,500.00 "
28/09/2018, 18.02 , 18.53 , 17.37 , 17.65 , 17.65 ," 504,745,500.00 "
01/10/2018, 20.38 , 20.76 , 20.07 , 20.71 , 20.71 ," 326,664,000.00 "
02/10/2018, 20.93 , 21.12 , 19.94 , 20.07 , 20.07 ," 176,152,500.00 "
03/10/2018, 20.22 , 20.31 , 19.44 , 19.65 , 19.65 ," 119,925,000.00 "
04/10/2018, 19.60 , 19.60 , 18.51 , 18.79 , 18.79 ," 147,213,000.00 "
05/10/2018, 18.31 , 18.33 , 17.33 , 17.46 , 17.46 ," 269,167,500.00 "
08/10/2018, 17.63 , 17.85 , 16.60 , 16.70 , 16.70 ," 202,090,500.00 "
09/10/2018, 17.02 , 17.78 , 16.89 , 17.52 , 17.52 ," 180,909,000.00 "
10/10/2018, 17.64 , 17.70 , 16.52 , 17.13 , 17.13 ," 192,229,500.00 "
11/10/2018, 17.17 , 17.48 , 16.60 , 16.82 , 16.82 ," 122,515,500.00 "
12/10/2018, 17.40 , 17.47 , 16.80 , 17.25 , 17.25 ," 108,021,000.00 "
15/10/2018, 17.27 , 17.55 , 16.97 , 17.31 , 17.31 ," 93,000,000.00 "
16/10/2018, 17.71 , 18.49 , 17.48 , 18.44 , 18.44 ," 142,896,000.00 "
17/10/2018, 18.83 , 18.85 , 17.72 , 18.12 , 18.12 ," 129,832,500.00 "
18/10/2018, 17.95 , 18.07 , 17.53 , 17.59 , 17.59 ," 81,318,000.00 "
19/10/2018, 17.83 , 17.98 , 16.90 , 17.33 , 17.33 ," 140,632,500.00 "
22/10/2018, 17.38 , 17.46 , 16.84 , 17.40 , 17.40 ," 84,004,500.00 "
23/10/2018, 17.59 , 19.86 , 17.47 , 19.61 , 19.61 ," 285,417,000.00 "
24/10/2018, 20.07 , 20.30 , 19.05 , 19.23 , 19.23 ," 300,874,500.00 "
25/10/2018, 21.15 , 21.40 , 20.07 , 20.99 , 20.99 ," 312,610,500.00 "
26/10/2018, 20.55 , 22.66 , 20.44 , 22.06 , 22.06 ," 411,382,500.00 "
29/10/2018, 22.50 , 23.14 , 21.77 , 22.32 , 22.32 ," 217,290,000.00 "
30/10/2018, 21.89 , 22.53 , 21.48 , 21.99 , 21.99 ," 136,900,500.00 "
31/10/2018, 22.17 , 22.80 , 21.94 , 22.49 , 22.49 ," 114,364,500.00 "
01/11/2018, 22.55 , 23.19 , 22.32 , 22.95 , 22.95 ," 120,001,500.00 "
02/11/2018, 22.92 , 23.28 , 22.73 , 23.09 , 23.09 ," 117,120,000.00 "
05/11/2018, 22.70 , 22.93 , 22.01 , 22.76 , 22.76 ," 117,465,000.00 "
06/11/2018, 22.60 , 23.25 , 22.41 , 22.74 , 22.74 ," 101,443,500.00 "
07/11/2018, 22.89 , 23.41 , 22.72 , 23.21 , 23.21 ," 110,617,500.00 "
08/11/2018, 23.23 , 23.84 , 23.23 , 23.43 , 23.43 ," 106,360,500.00 "
09/11/2018, 23.27 , 23.60 , 23.02 , 23.37 , 23.37 ," 76,482,000.00 "
12/11/2018, 23.22 , 23.32 , 22.02 , 22.09 , 22.09 ," 104,122,500.00 "
13/11/2018, 22.21 , 22.98 , 22.15 , 22.58 , 22.58 ," 81,729,000.00 "
14/11/2018, 22.85 , 23.14 , 22.48 , 22.93 , 22.93 ," 75,604,500.00 "
15/11/2018, 22.82 , 23.24 , 22.60 , 23.23 , 23.23 ," 69,385,500.00 "
16/11/2018, 23.01 , 23.71 , 23.01 , 23.62 , 23.62 ," 108,093,000.00 "
19/11/2018, 23.76 , 24.45 , 23.53 , 23.56 , 23.56 ," 145,633,500.00 "
20/11/2018, 22.78 , 23.32 , 22.24 , 23.17 , 23.17 ," 120,070,500.00 "
21/11/2018, 23.47 , 23.54 , 22.49 , 22.55 , 22.55 ," 70,302,000.00 "
23/11/2018, 22.29 , 22.50 , 21.70 , 21.72 , 21.72 ," 63,039,000.00 "
26/11/2018, 21.67 , 23.08 , 21.67 , 23.07 , 23.07 ," 119,881,500.00 "
27/11/2018, 22.67 , 23.13 , 22.37 , 22.93 , 22.93 ," 95,374,500.00 "
28/11/2018, 23.07 , 23.22 , 22.81 , 23.19 , 23.19 ," 61,914,000.00 "
29/11/2018, 23.13 , 23.17 , 22.64 , 22.74 , 22.74 ," 46,210,500.00 "
30/11/2018, 22.79 , 23.44 , 22.55 , 23.37 , 23.37 ," 84,436,500.00 "
03/12/2018, 24.00 , 24.40 , 23.47 , 23.90 , 23.90 ," 124,597,500.00 "
04/12/2018, 23.74 , 24.58 , 23.47 , 23.98 , 23.98 ," 126,928,500.00 "
06/12/2018, 23.73 , 24.49 , 23.38 , 24.20 , 24.20 ," 117,637,500.00 "
07/12/2018, 24.60 , 25.30 , 23.84 , 23.86 , 23.86 ," 172,668,000.00 "
10/12/2018, 24.00 , 24.40 , 23.54 , 24.34 , 24.34 ," 99,202,500.00 "
11/12/2018, 24.66 , 24.81 , 24.02 , 24.45 , 24.45 ," 94,632,000.00 "
12/12/2018, 24.63 , 24.79 , 24.34 , 24.44 , 24.44 ," 75,405,000.00 "
13/12/2018, 24.68 , 25.16 , 24.45 , 25.12 , 25.12 ," 110,488,500.00 "
14/12/2018, 25.00 , 25.19 , 24.29 , 24.38 , 24.38 ," 95,064,000.00 "
17/12/2018, 24.13 , 24.38 , 22.93 , 23.23 , 23.23 ," 115,110,000.00 "
18/12/2018, 23.37 , 23.44 , 22.25 , 22.47 , 22.47 ," 106,500,000.00 "
19/12/2018, 22.51 , 23.13 , 21.98 , 22.20 , 22.20 ," 124,113,000.00 "
20/12/2018, 21.80 , 22.02 , 20.79 , 21.03 , 21.03 ," 136,078,500.00 "
21/12/2018, 21.16 , 21.56 , 20.83 , 21.32 , 21.32 ," 120,252,000.00 "
24/12/2018, 20.90 , 20.97 , 19.68 , 19.69 , 19.69 ," 83,398,500.00 "
26/12/2018, 20.00 , 21.80 , 19.61 , 21.74 , 21.74 ," 122,446,500.00 "
27/12/2018, 21.32 , 21.48 , 20.10 , 21.08 , 21.08 ," 128,626,500.00 "
28/12/2018, 21.54 , 22.42 , 21.23 , 22.26 , 22.26 ," 149,085,000.00 "
31/12/2018, 22.52 , 22.61 , 21.68 , 22.19 , 22.19 ," 94,534,500.00 "
02/01/2019, 20.41 , 21.01 , 19.92 , 20.67 , 20.67 ," 174,879,000.00 "
03/01/2019, 20.47 , 20.63 , 19.83 , 20.02 , 20.02 ," 104,478,000.00 "
04/01/2019, 20.40 , 21.20 , 20.18 , 21.18 , 21.18 ," 110,911,500.00 "
07/01/2019, 21.45 , 22.45 , 21.18 , 22.33 , 22.33 ," 113,268,000.00 "
08/01/2019, 22.80 , 22.93 , 21.80 , 22.36 , 22.36 ," 105,127,500.00 "
09/01/2019, 22.37 , 22.90 , 22.10 , 22.57 , 22.57 ," 81,493,500.00 "
10/01/2019, 22.29 , 23.03 , 22.12 , 23.00 , 23.00 ," 90,846,000.00 "
11/01/2019, 22.81 , 23.23 , 22.58 , 23.15 , 23.15 ," 75,586,500.00 "
14/01/2019, 22.83 , 22.83 , 22.27 , 22.29 , 22.29 ," 78,709,500.00 "
15/01/2019, 22.33 , 23.25 , 22.30 , 22.96 , 22.96 ," 90,849,000.00 "
16/01/2019, 22.99 , 23.47 , 22.90 , 23.07 , 23.07 ," 70,375,500.00 "
17/01/2019, 23.08 , 23.43 , 22.94 , 23.15 , 23.15 ," 55,150,500.00 "
18/01/2019, 21.53 , 21.81 , 19.98 , 20.15 , 20.15 ," 362,262,000.00 "
22/01/2019, 20.32 , 20.53 , 19.70 , 19.93 , 19.93 ," 181,000,500.00 "
23/01/2019, 19.50 , 19.63 , 18.78 , 19.17 , 19.17 ," 187,950,000.00 "
24/01/2019, 18.87 , 19.58 , 18.62 , 19.43 , 19.43 ," 120,183,000.00 "
25/01/2019, 19.63 , 19.90 , 19.30 , 19.80 , 19.80 ," 108,744,000.00 "
28/01/2019, 19.53 , 19.83 , 19.18 , 19.76 , 19.76 ," 96,349,500.00 "
29/01/2019, 19.68 , 19.90 , 19.45 , 19.83 , 19.83 ," 69,325,500.00 "
30/01/2019, 20.03 , 20.60 , 19.90 , 20.58 , 20.58 ," 168,754,500.00 "
31/01/2019, 20.07 , 20.77 , 19.60 , 20.47 , 20.47 ," 188,538,000.00 "
01/02/2019, 20.36 , 21.07 , 20.23 , 20.81 , 20.81 ," 109,251,000.00 "
04/02/2019, 20.87 , 21.02 , 20.13 , 20.86 , 20.86 ," 110,281,500.00 "
05/02/2019, 20.83 , 21.50 , 20.82 , 21.42 , 21.42 ," 101,142,000.00 "
06/02/2019, 21.31 , 21.62 , 21.04 , 21.15 , 21.15 ," 75,577,500.00 "
07/02/2019, 20.89 , 20.98 , 20.20 , 20.50 , 20.50 ," 97,809,000.00 "
08/02/2019, 20.46 , 20.50 , 19.90 , 20.39 , 20.39 ," 87,663,000.00 "
11/02/2019, 20.77 , 21.24 , 20.70 , 20.86 , 20.86 ," 106,945,500.00 "
12/02/2019, 21.08 , 21.21 , 20.64 , 20.79 , 20.79 ," 82,764,000.00 "
13/02/2019, 20.82 , 20.85 , 20.37 , 20.54 , 20.54 ," 77,124,000.00 "
14/02/2019, 20.23 , 20.45 , 20.07 , 20.25 , 20.25 ," 78,012,000.00 "
15/02/2019, 20.30 , 20.53 , 20.26 , 20.53 , 20.53 ," 58,573,500.00 "
19/02/2019, 20.44 , 20.77 , 20.36 , 20.38 , 20.38 ," 62,526,000.00 "
20/02/2019, 20.29 , 20.42 , 19.93 , 20.17 , 20.17 ," 107,131,500.00 "
21/02/2019, 20.12 , 20.22 , 19.37 , 19.42 , 19.42 ," 133,638,000.00 "
22/02/2019, 19.63 , 19.77 , 19.47 , 19.65 , 19.65 ," 86,109,000.00 "
25/02/2019, 19.86 , 20.19 , 19.80 , 19.92 , 19.92 ," 99,397,500.00 "
26/02/2019, 19.48 , 20.13 , 19.25 , 19.86 , 19.86 ," 128,737,500.00 "
27/02/2019, 20.12 , 21.09 , 20.04 , 20.98 , 20.98 ," 167,758,500.00 "
28/02/2019, 21.26 , 21.33 , 20.72 , 21.33 , 21.33 ," 157,810,500.00 "
01/03/2019, 20.46 , 20.48 , 19.46 , 19.65 , 19.65 ," 343,671,000.00 "
04/03/2019, 19.87 , 19.93 , 18.85 , 19.02 , 19.02 ," 256,452,000.00 "
05/03/2019, 18.80 , 18.93 , 18.01 , 18.44 , 18.44 ," 281,470,500.00 "
06/03/2019, 18.43 , 18.77 , 18.29 , 18.42 , 18.42 ," 155,032,500.00 "
07/03/2019, 18.59 , 18.98 , 18.28 , 18.44 , 18.44 ," 141,637,500.00 "
08/03/2019, 18.46 , 19.04 , 18.39 , 18.94 , 18.94 ," 132,294,000.00 "
11/03/2019, 18.90 , 19.42 , 18.70 , 19.39 , 19.39 ," 110,884,500.00 "
12/03/2019, 19.10 , 19.20 , 18.74 , 18.89 , 18.89 ," 112,561,500.00 "
13/03/2019, 18.93 , 19.47 , 18.85 , 19.26 , 19.26 ," 102,670,500.00 "
14/03/2019, 19.50 , 19.69 , 19.22 , 19.33 , 19.33 ," 106,551,000.00 "
15/03/2019, 18.90 , 18.91 , 18.29 , 18.36 , 18.36 ," 221,782,500.00 "
18/03/2019, 18.40 , 18.54 , 17.82 , 17.97 , 17.97 ," 154,215,000.00 "
19/03/2019, 17.83 , 18.22 , 17.56 , 17.83 , 17.83 ," 177,009,000.00 "
20/03/2019, 17.98 , 18.33 , 17.75 , 18.24 , 18.24 ," 103,623,000.00 "
21/03/2019, 18.17 , 18.43 , 17.90 , 18.27 , 18.27 ," 89,206,500.00 "
22/03/2019, 18.17 , 18.19 , 17.60 , 17.64 , 17.64 ," 131,184,000.00 "
25/03/2019, 17.31 , 17.55 , 16.96 , 17.36 , 17.36 ," 153,225,000.00 "
26/03/2019, 17.63 , 18.02 , 17.63 , 17.85 , 17.85 ," 110,263,500.00 "
27/03/2019, 17.92 , 18.36 , 17.88 , 18.32 , 18.32 ," 131,688,000.00 "
28/03/2019, 18.48 , 18.69 , 18.34 , 18.57 , 18.57 ," 101,611,500.00 "
29/03/2019, 18.58 , 18.68 , 18.30 , 18.66 , 18.66 ," 89,869,500.00 "
01/04/2019, 18.84 , 19.28 , 18.75 , 19.28 , 19.28 ," 121,656,000.00 "
02/04/2019, 19.22 , 19.30 , 18.93 , 19.06 , 19.06 ," 82,183,500.00 "
03/04/2019, 19.15 , 19.74 , 19.14 , 19.45 , 19.45 ," 118,791,000.00 "
04/04/2019, 17.46 , 18.08 , 17.37 , 17.85 , 17.85 ," 355,810,500.00 "
05/04/2019, 17.99 , 18.41 , 17.74 , 18.33 , 18.33 ," 195,574,500.00 "
08/04/2019, 18.51 , 18.74 , 18.03 , 18.21 , 18.21 ," 156,156,000.00 "
09/04/2019, 18.11 , 18.33 , 17.97 , 18.15 , 18.15 ," 88,560,000.00 "
10/04/2019, 18.45 , 18.56 , 18.19 , 18.40 , 18.40 ," 105,919,500.00 "
11/04/2019, 17.89 , 18.03 , 17.71 , 17.89 , 17.89 ," 147,538,500.00 "
12/04/2019, 18.01 , 18.13 , 17.79 , 17.85 , 17.85 ," 101,190,000.00 "
15/04/2019, 17.91 , 17.93 , 17.24 , 17.76 , 17.76 ," 150,579,000.00 "
16/04/2019, 17.72 , 18.33 , 17.65 , 18.22 , 18.22 ," 109,093,500.00 "
17/04/2019, 18.32 , 18.32 , 17.90 , 18.08 , 18.08 ," 76,897,500.00 "
18/04/2019, 18.08 , 18.32 , 17.98 , 18.22 , 18.22 ," 88,144,500.00 "
22/04/2019, 17.93 , 17.98 , 17.50 , 17.52 , 17.52 ," 182,206,500.00 "
23/04/2019, 17.34 , 17.71 , 17.05 , 17.59 , 17.59 ," 164,158,500.00 "
24/04/2019, 17.59 , 17.69 , 17.20 , 17.24 , 17.24 ," 160,912,500.00 "
25/04/2019, 17.00 , 17.27 , 16.40 , 16.51 , 16.51 ," 327,741,000.00 "
26/04/2019, 16.43 , 16.45 , 15.41 , 15.68 , 15.68 ," 335,410,500.00 "
29/04/2019, 15.72 , 16.27 , 15.48 , 16.10 , 16.10 ," 250,717,500.00 "
30/04/2019, 16.14 , 16.28 , 15.80 , 15.91 , 15.91 ," 141,969,000.00 "
01/05/2019, 15.92 , 16.00 , 15.43 , 15.60 , 15.60 ," 160,566,000.00 "
02/05/2019, 16.37 , 16.48 , 15.85 , 16.27 , 16.27 ," 272,389,500.00 "
03/05/2019, 16.26 , 17.11 , 16.23 , 17.00 , 17.00 ," 355,602,000.00 "
06/05/2019, 16.67 , 17.22 , 16.57 , 17.02 , 17.02 ," 162,508,500.00 "
07/05/2019, 17.12 , 17.15 , 16.34 , 16.47 , 16.47 ," 151,971,000.00 "
08/05/2019, 16.46 , 16.71 , 16.28 , 16.32 , 16.32 ," 92,646,000.00 "
09/05/2019, 16.13 , 16.25 , 15.80 , 16.13 , 16.13 ," 100,671,000.00 "
10/05/2019, 15.98 , 16.13 , 15.73 , 15.97 , 15.97 ," 105,124,500.00 "
13/05/2019, 15.47 , 15.50 , 14.97 , 15.13 , 15.13 ," 162,522,000.00 "
14/05/2019, 15.29 , 15.63 , 15.20 , 15.49 , 15.49 ," 108,786,000.00 "
15/05/2019, 15.29 , 15.50 , 15.02 , 15.46 , 15.46 ," 109,440,000.00 "
16/05/2019, 15.30 , 15.40 , 15.10 , 15.22 , 15.22 ," 112,249,500.00 "
17/05/2019, 14.80 , 14.82 , 13.93 , 14.07 , 14.07 ," 266,800,500.00 "
20/05/2019, 13.52 , 13.73 , 13.02 , 13.69 , 13.69 ," 307,893,000.00 "
21/05/2019, 13.18 , 13.83 , 13.07 , 13.67 , 13.67 ," 270,058,500.00 "
22/05/2019, 13.27 , 13.60 , 12.79 , 12.85 , 12.85 ," 280,278,000.00 "
23/05/2019, 12.96 , 13.30 , 12.41 , 13.03 , 13.03 ," 398,206,500.00 "
24/05/2019, 13.32 , 13.33 , 12.58 , 12.71 , 12.71 ," 212,049,000.00 "
28/05/2019, 12.75 , 13.00 , 12.52 , 12.58 , 12.58 ," 154,693,500.00 "
29/05/2019, 12.47 , 12.83 , 12.34 , 12.66 , 12.66 ," 179,529,000.00 "
30/05/2019, 12.58 , 12.82 , 12.47 , 12.55 , 12.55 ," 118,897,500.00 "
31/05/2019, 12.34 , 12.66 , 12.27 , 12.34 , 12.34 ," 156,100,500.00 "
03/06/2019, 12.37 , 12.45 , 11.80 , 11.93 , 11.93 ," 195,966,000.00 "
04/06/2019, 12.07 , 12.93 , 11.97 , 12.91 , 12.91 ," 207,112,500.00 "
05/06/2019, 13.25 , 13.42 , 12.79 , 13.11 , 13.11 ," 202,662,000.00 "
06/06/2019, 13.63 , 14.07 , 13.45 , 13.73 , 13.73 ," 303,633,000.00 "
07/06/2019, 13.67 , 14.06 , 13.57 , 13.63 , 13.63 ," 240,052,500.00 "
10/06/2019, 14.02 , 14.46 , 13.93 , 14.19 , 14.19 ," 158,775,000.00 "
11/06/2019, 14.61 , 14.73 , 14.23 , 14.47 , 14.47 ," 174,802,500.00 "
12/06/2019, 14.86 , 14.89 , 13.93 , 13.95 , 13.95 ," 227,962,500.00 "
13/06/2019, 14.03 , 14.33 , 13.83 , 14.26 , 14.26 ," 122,524,500.00 "
14/06/2019, 14.08 , 14.44 , 14.03 , 14.33 , 14.33 ," 111,501,000.00 "
17/06/2019, 14.37 , 15.13 , 14.28 , 15.00 , 15.00 ," 184,752,000.00 "
18/06/2019, 15.25 , 15.65 , 14.84 , 14.98 , 14.98 ," 190,737,000.00 "
19/06/2019, 15.01 , 15.18 , 14.74 , 15.10 , 15.10 ," 98,626,500.00 "
20/06/2019, 14.87 , 15.13 , 14.42 , 14.64 , 14.64 ," 177,952,500.00 "
21/06/2019, 14.41 , 14.81 , 14.37 , 14.79 , 14.79 ," 123,031,500.00 "
24/06/2019, 14.88 , 15.06 , 14.73 , 14.91 , 14.91 ," 86,262,000.00 "
25/06/2019, 14.96 , 15.02 , 14.63 , 14.65 , 14.65 ," 92,731,500.00 "
26/06/2019, 14.69 , 15.15 , 14.54 , 14.62 , 14.62 ," 127,608,000.00 "
27/06/2019, 14.63 , 14.86 , 14.49 , 14.86 , 14.86 ," 95,095,500.00 "
28/06/2019, 14.73 , 15.01 , 14.72 , 14.90 , 14.90 ," 102,771,000.00 "
01/07/2019, 15.35 , 15.54 , 15.09 , 15.14 , 15.14 ," 123,201,000.00 "
02/07/2019, 15.26 , 15.28 , 14.81 , 14.97 , 14.97 ," 138,885,000.00 "
03/07/2019, 15.96 , 16.10 , 15.63 , 15.66 , 15.66 ," 213,016,500.00 "
05/07/2019, 15.64 , 15.70 , 15.39 , 15.54 , 15.54 ," 105,985,500.00 "
08/07/2019, 15.42 , 15.48 , 15.24 , 15.36 , 15.36 ," 88,207,500.00 "
09/07/2019, 15.26 , 15.40 , 15.15 , 15.34 , 15.34 ," 92,862,000.00 "
10/07/2019, 15.61 , 15.93 , 15.54 , 15.93 , 15.93 ," 137,185,500.00 "
11/07/2019, 15.88 , 16.10 , 15.72 , 15.91 , 15.91 ," 112,716,000.00 "
12/07/2019, 15.98 , 16.36 , 15.98 , 16.34 , 16.34 ," 138,007,500.00 "
15/07/2019, 16.53 , 16.96 , 16.32 , 16.90 , 16.90 ," 165,001,500.00 "
16/07/2019, 16.62 , 16.90 , 16.53 , 16.83 , 16.83 ," 122,235,000.00 "
17/07/2019, 17.04 , 17.22 , 16.89 , 16.99 , 16.99 ," 146,470,500.00 "
18/07/2019, 17.00 , 17.05 , 16.79 , 16.90 , 16.90 ," 71,379,000.00 "
19/07/2019, 17.05 , 17.33 , 16.97 , 17.21 , 17.21 ," 105,726,000.00 "
22/07/2019, 17.25 , 17.48 , 16.95 , 17.05 , 17.05 ," 102,636,000.00 "
23/07/2019, 17.11 , 17.37 , 16.97 , 17.34 , 17.34 ," 75,346,500.00 "
24/07/2019, 17.28 , 17.74 , 17.21 , 17.66 , 17.66 ," 166,092,000.00 "
25/07/2019, 15.57 , 15.63 , 15.04 , 15.25 , 15.25 ," 336,274,500.00 "
26/07/2019, 15.13 , 15.35 , 14.82 , 15.20 , 15.20 ," 150,415,500.00 "
29/07/2019, 15.14 , 15.73 , 15.07 , 15.72 , 15.72 ," 139,099,500.00 "
30/07/2019, 15.53 , 16.22 , 15.48 , 16.15 , 16.15 ," 121,635,000.00 "
31/07/2019, 16.20 , 16.45 , 15.78 , 16.11 , 16.11 ," 137,673,000.00 "
01/08/2019, 16.18 , 16.30 , 15.45 , 15.59 , 15.59 ," 123,892,500.00 "
02/08/2019, 15.42 , 15.75 , 15.28 , 15.62 , 15.62 ," 92,047,500.00 "
05/08/2019, 15.31 , 15.42 , 15.05 , 15.22 , 15.22 ," 105,424,500.00 "
06/08/2019, 15.46 , 15.50 , 15.05 , 15.38 , 15.38 ," 83,463,000.00 "
07/08/2019, 15.10 , 15.57 , 15.05 , 15.56 , 15.56 ," 71,647,500.00 "
08/08/2019, 15.63 , 15.99 , 15.51 , 15.89 , 15.89 ," 79,114,500.00 "
09/08/2019, 15.74 , 15.93 , 15.59 , 15.67 , 15.67 ," 58,473,000.00 "
12/08/2019, 15.53 , 15.72 , 15.25 , 15.27 , 15.27 ," 69,958,500.00 "
13/08/2019, 15.25 , 15.73 , 15.17 , 15.67 , 15.67 ," 72,721,500.00 "
14/08/2019, 15.41 , 15.43 , 14.45 , 14.64 , 14.64 ," 143,439,000.00 "
15/08/2019, 14.72 , 14.77 , 14.10 , 14.38 , 14.38 ," 122,394,000.00 "
16/08/2019, 14.44 , 14.82 , 14.40 , 14.66 , 14.66 ," 76,477,500.00 "
19/08/2019, 14.95 , 15.19 , 14.78 , 15.12 , 15.12 ," 79,644,000.00 "
20/08/2019, 15.17 , 15.27 , 14.97 , 15.06 , 15.06 ," 61,878,000.00 "
21/08/2019, 14.80 , 14.88 , 14.51 , 14.72 , 14.72 ," 116,914,500.00 "
22/08/2019, 14.85 , 15.03 , 14.55 , 14.81 , 14.81 ," 98,385,000.00 "
23/08/2019, 14.66 , 14.74 , 14.07 , 14.09 , 14.09 ," 128,079,000.00 "
26/08/2019, 14.24 , 14.33 , 14.10 , 14.33 , 14.33 ," 75,778,500.00 "
27/08/2019, 14.38 , 14.59 , 14.14 , 14.27 , 14.27 ," 81,243,000.00 "
28/08/2019, 14.25 , 14.48 , 14.15 , 14.37 , 14.37 ," 48,382,500.00 "
29/08/2019, 14.60 , 14.89 , 14.53 , 14.78 , 14.78 ," 77,692,500.00 "
30/08/2019, 15.28 , 15.50 , 14.95 , 15.04 , 15.04 ," 139,809,000.00 "
03/09/2019, 14.94 , 15.26 , 14.88 , 15.00 , 15.00 ," 80,311,500.00 "
04/09/2019, 15.13 , 15.23 , 14.61 , 14.71 , 14.71 ," 86,415,000.00 "
05/09/2019, 14.83 , 15.32 , 14.72 , 15.31 , 15.31 ," 110,929,500.00 "
06/09/2019, 15.15 , 15.31 , 15.01 , 15.16 , 15.16 ," 62,841,000.00 "
09/09/2019, 15.33 , 15.58 , 15.28 , 15.45 , 15.45 ," 72,040,500.00 "
10/09/2019, 15.39 , 15.70 , 15.26 , 15.70 , 15.70 ," 73,255,500.00 "
11/09/2019, 15.83 , 16.54 , 15.73 , 16.47 , 16.47 ," 150,642,000.00 "
12/09/2019, 16.51 , 16.90 , 16.29 , 16.39 , 16.39 ," 128,718,000.00 "
13/09/2019, 16.46 , 16.56 , 16.32 , 16.35 , 16.35 ," 79,696,500.00 "
16/09/2019, 16.40 , 16.50 , 16.08 , 16.19 , 16.19 ," 70,921,500.00 "
17/09/2019, 16.16 , 16.37 , 16.02 , 16.32 , 16.32 ," 57,981,000.00 "
18/09/2019, 16.33 , 16.54 , 16.16 , 16.23 , 16.23 ," 62,553,000.00 "
19/09/2019, 16.40 , 16.53 , 16.32 , 16.44 , 16.44 ," 71,937,000.00 "
20/09/2019, 16.43 , 16.46 , 15.88 , 16.04 , 16.04 ," 95,295,000.00 "
23/09/2019, 16.00 , 16.35 , 15.95 , 16.08 , 16.08 ," 65,103,000.00 "
24/09/2019, 16.10 , 16.13 , 14.84 , 14.88 , 14.88 ," 193,372,500.00 "
25/09/2019, 14.97 , 15.27 , 14.56 , 15.25 , 15.25 ," 141,406,500.00 "
26/09/2019, 15.38 , 16.22 , 15.16 , 16.17 , 16.17 ," 178,267,500.00 "
27/09/2019, 16.15 , 16.58 , 15.92 , 16.14 , 16.14 ," 166,746,000.00 "
30/09/2019, 16.20 , 16.27 , 15.74 , 16.06 , 16.06 ," 88,197,000.00 "
01/10/2019, 16.10 , 16.40 , 15.94 , 16.31 , 16.31 ," 92,439,000.00 "
02/10/2019, 16.22 , 16.31 , 15.96 , 16.21 , 16.21 ," 84,471,000.00 "
03/10/2019, 15.46 , 15.63 , 14.95 , 15.54 , 15.54 ," 226,267,500.00 "
04/10/2019, 15.44 , 15.65 , 15.20 , 15.43 , 15.43 ," 119,925,000.00 "
07/10/2019, 15.32 , 15.90 , 15.24 , 15.85 , 15.85 ," 120,963,000.00 "
08/10/2019, 15.72 , 16.26 , 15.63 , 16.00 , 16.00 ," 130,173,000.00 "
09/10/2019, 16.09 , 16.49 , 16.04 , 16.30 , 16.30 ," 103,416,000.00 "
10/10/2019, 16.35 , 16.62 , 16.11 , 16.32 , 16.32 ," 94,249,500.00 "
11/10/2019, 16.48 , 16.74 , 16.45 , 16.53 , 16.53 ," 127,131,000.00 "
14/10/2019, 16.53 , 17.24 , 16.48 , 17.13 , 17.13 ," 153,075,000.00 "
15/10/2019, 17.18 , 17.33 , 16.94 , 17.19 , 17.19 ," 96,492,000.00 "
16/10/2019, 17.16 , 17.47 , 17.13 , 17.32 , 17.32 ," 100,261,500.00 "
17/10/2019, 17.50 , 17.65 , 17.34 , 17.46 , 17.46 ," 71,539,500.00 "
18/10/2019, 17.38 , 17.52 , 17.01 , 17.13 , 17.13 ," 86,247,000.00 "
21/10/2019, 17.22 , 17.30 , 16.68 , 16.90 , 16.90 ," 75,304,500.00 "
22/10/2019, 16.95 , 17.22 , 16.72 , 17.04 , 17.04 ," 69,012,000.00 "
23/10/2019, 16.97 , 17.08 , 16.76 , 16.98 , 16.98 ," 78,916,500.00 "
24/10/2019, 19.89 , 20.33 , 19.28 , 19.98 , 19.98 ," 445,813,500.00 "
25/10/2019, 19.85 , 22.00 , 19.74 , 21.88 , 21.88 ," 450,091,500.00 "
28/10/2019, 21.84 , 22.72 , 21.51 , 21.85 , 21.85 ," 283,054,500.00 "
29/10/2019, 21.33 , 21.62 , 20.98 , 21.08 , 21.08 ," 190,264,500.00 "
30/10/2019, 20.87 , 21.25 , 20.66 , 21.00 , 21.00 ," 144,627,000.00 "
31/10/2019, 20.87 , 21.27 , 20.87 , 20.99 , 20.99 ," 76,005,000.00 "
01/11/2019, 21.09 , 21.10 , 20.65 , 20.89 , 20.89 ," 95,758,500.00 "
04/11/2019, 20.99 , 21.46 , 20.62 , 21.16 , 21.16 ," 131,805,000.00 "
05/11/2019, 21.31 , 21.57 , 21.07 , 21.15 , 21.15 ," 104,151,000.00 "
06/11/2019, 21.20 , 21.78 , 20.97 , 21.77 , 21.77 ," 119,113,500.00 "
07/11/2019, 21.94 , 22.77 , 21.87 , 22.37 , 22.37 ," 217,009,500.00 "
08/11/2019, 22.30 , 22.50 , 22.17 , 22.48 , 22.48 ," 91,038,000.00 "
11/11/2019, 22.93 , 23.28 , 22.80 , 23.01 , 23.01 ," 149,800,500.00 "
12/11/2019, 23.13 , 23.36 , 22.94 , 23.33 , 23.33 ," 110,391,000.00 "
13/11/2019, 23.67 , 23.76 , 23.01 , 23.07 , 23.07 ," 126,301,500.00 "
14/11/2019, 23.07 , 23.59 , 22.86 , 23.29 , 23.29 ," 96,973,500.00 "
15/11/2019, 23.38 , 23.52 , 23.22 , 23.48 , 23.48 ," 72,135,000.00 "
18/11/2019, 23.53 , 23.54 , 23.07 , 23.33 , 23.33 ," 66,006,000.00 "
19/11/2019, 23.45 , 24.00 , 23.19 , 23.97 , 23.97 ," 115,872,000.00 "
20/11/2019, 24.00 , 24.08 , 23.30 , 23.48 , 23.48 ," 100,876,500.00 "
21/11/2019, 23.63 , 24.06 , 23.60 , 23.66 , 23.66 ," 91,650,000.00 "
22/11/2019, 22.68 , 22.73 , 22.00 , 22.20 , 22.20 ," 253,059,000.00 "
25/11/2019, 22.95 , 22.97 , 22.30 , 22.42 , 22.42 ," 185,092,500.00 "
26/11/2019, 22.35 , 22.37 , 21.81 , 21.93 , 21.93 ," 119,211,000.00 "
27/11/2019, 22.07 , 22.26 , 21.90 , 22.09 , 22.09 ," 83,334,000.00 "
29/11/2019, 22.07 , 22.08 , 21.83 , 22.00 , 22.00 ," 36,984,000.00 "
02/12/2019, 21.96 , 22.43 , 21.91 , 22.32 , 22.32 ," 91,117,500.00 "
03/12/2019, 22.17 , 22.53 , 22.15 , 22.41 , 22.41 ," 98,605,500.00 "
04/12/2019, 22.52 , 22.52 , 22.19 , 22.20 , 22.20 ," 82,995,000.00 "
05/12/2019, 22.19 , 22.29 , 21.82 , 22.02 , 22.02 ," 55,869,000.00 "
06/12/2019, 22.33 , 22.59 , 22.32 , 22.39 , 22.39 ," 114,186,000.00 "
09/12/2019, 22.44 , 22.96 , 22.34 , 22.64 , 22.64 ," 135,346,500.00 "
10/12/2019, 22.66 , 23.38 , 22.62 , 23.26 , 23.26 ," 132,424,500.00 "
11/12/2019, 23.46 , 23.81 , 23.41 , 23.51 , 23.51 ," 103,467,000.00 "
12/12/2019, 23.66 , 24.18 , 23.55 , 23.98 , 23.98 ," 116,458,500.00 "
13/12/2019, 24.07 , 24.35 , 23.64 , 23.89 , 23.89 ," 98,563,500.00 "
16/12/2019, 24.17 , 25.57 , 24.17 , 25.43 , 25.43 ," 272,613,000.00 "
17/12/2019, 25.27 , 25.70 , 25.06 , 25.27 , 25.27 ," 127,452,000.00 "
18/12/2019, 25.38 , 26.35 , 25.37 , 26.21 , 26.21 ," 211,815,000.00 "
19/12/2019, 26.49 , 27.12 , 26.43 , 26.94 , 26.94 ," 271,606,500.00 "
20/12/2019, 27.35 , 27.53 , 26.68 , 27.04 , 27.04 ," 221,290,500.00 "
23/12/2019, 27.45 , 28.13 , 27.33 , 27.95 , 27.95 ," 199,794,000.00 "
24/12/2019, 27.89 , 28.36 , 27.51 , 28.35 , 28.35 ," 120,820,500.00 "
26/12/2019, 28.53 , 28.90 , 28.42 , 28.73 , 28.73 ," 159,508,500.00 "
27/12/2019, 29.00 , 29.02 , 28.41 , 28.69 , 28.69 ," 149,185,500.00 "
30/12/2019, 28.59 , 28.60 , 27.28 , 27.65 , 27.65 ," 188,796,000.00 "
31/12/2019, 27.00 , 28.09 , 26.81 , 27.89 , 27.89 ," 154,285,500.00 "
02/01/2020, 28.30 , 28.71 , 28.11 , 28.68 , 28.68 ," 142,981,500.00 "
03/01/2020, 29.37 , 30.27 , 29.13 , 29.53 , 29.53 ," 266,677,500.00 "
06/01/2020, 29.36 , 30.10 , 29.33 , 30.10 , 30.10 ," 151,995,000.00 "
07/01/2020, 30.76 , 31.44 , 30.22 , 31.27 , 31.27 ," 268,231,500.00 "
08/01/2020, 31.58 , 33.23 , 31.22 , 32.81 , 32.81 ," 467,164,500.00 "
09/01/2020, 33.14 , 33.25 , 31.52 , 32.09 , 32.09 ," 426,606,000.00 "
10/01/2020, 32.12 , 32.33 , 31.58 , 31.88 , 31.88 ," 194,392,500.00 "
13/01/2020, 32.90 , 35.04 , 32.80 , 34.99 , 34.99 ," 397,764,000.00 "
14/01/2020, 36.28 , 36.49 , 34.99 , 35.86 , 35.86 ," 434,943,000.00 "
15/01/2020, 35.32 , 35.86 , 34.45 , 34.57 , 34.57 ," 260,532,000.00 "
16/01/2020, 32.92 , 34.30 , 32.81 , 34.23 , 34.23 ," 326,050,500.00 "
17/01/2020, 33.84 , 34.38 , 33.54 , 34.03 , 34.03 ," 204,436,500.00 "
21/01/2020, 35.35 , 36.57 , 35.23 , 36.48 , 36.48 ," 267,052,500.00 "
22/01/2020, 38.13 , 39.63 , 37.27 , 37.97 , 37.97 ," 470,535,000.00 "
23/01/2020, 37.62 , 38.80 , 37.04 , 38.15 , 38.15 ," 294,765,000.00 "
24/01/2020, 38.04 , 38.26 , 36.95 , 37.65 , 37.65 ," 215,304,000.00 "
27/01/2020, 36.13 , 37.63 , 35.95 , 37.20 , 37.20 ," 204,121,500.00 "
28/01/2020, 37.90 , 38.45 , 37.21 , 37.79 , 37.79 ," 176,827,500.00 "
29/01/2020, 38.38 , 39.32 , 37.83 , 38.73 , 38.73 ," 267,022,500.00 "
30/01/2020, 42.16 , 43.39 , 41.20 , 42.72 , 42.72 ," 435,085,500.00 "
31/01/2020, 42.67 , 43.53 , 42.17 , 43.37 , 43.37 ," 235,789,500.00 "
03/02/2020, 44.91 , 52.41 , 44.90 , 52.00 , 52.00 ," 705,975,000.00 "
04/02/2020, 58.86 , 64.60 , 55.59 , 59.14 , 59.14 ," 914,082,000.00 "
05/02/2020, 54.88 , 56.40 , 46.94 , 48.98 , 48.98 ," 726,357,000.00 "
06/02/2020, 46.66 , 53.06 , 45.80 , 49.93 , 49.93 ," 598,212,000.00 "
07/02/2020, 48.70 , 51.32 , 48.67 , 49.87 , 49.87 ," 255,952,500.00 "
10/02/2020, 53.33 , 54.67 , 50.16 , 51.42 , 51.42 ," 370,338,000.00 "
11/02/2020, 51.25 , 52.23 , 50.53 , 51.63 , 51.63 ," 175,462,500.00 "
12/02/2020, 51.86 , 52.65 , 50.89 , 51.15 , 51.15 ," 180,337,500.00 "
13/02/2020, 49.46 , 54.53 , 49.00 , 53.60 , 53.60 ," 394,339,500.00 "
14/02/2020, 52.48 , 54.20 , 52.37 , 53.34 , 53.34 ," 235,405,500.00 "
18/02/2020, 56.11 , 57.33 , 55.49 , 57.23 , 57.23 ," 245,725,500.00 "
19/02/2020, 61.57 , 62.99 , 60.07 , 61.16 , 61.16 ," 381,345,000.00 "
20/02/2020, 60.80 , 60.80 , 57.33 , 59.96 , 59.96 ," 264,523,500.00 "
21/02/2020, 60.47 , 60.87 , 58.70 , 60.07 , 60.07 ," 214,722,000.00 "
24/02/2020, 55.93 , 57.57 , 54.81 , 55.59 , 55.59 ," 227,883,000.00 "
25/02/2020, 56.60 , 57.11 , 52.47 , 53.33 , 53.33 ," 259,357,500.00 "
26/02/2020, 52.17 , 54.22 , 51.74 , 51.92 , 51.92 ," 211,282,500.00 "
27/02/2020, 48.67 , 49.32 , 44.60 , 45.27 , 45.27 ," 364,158,000.00 "
28/02/2020, 41.98 , 46.03 , 40.77 , 44.53 , 44.53 ," 363,343,500.00 "
02/03/2020, 47.42 , 49.58 , 45.78 , 49.57 , 49.57 ," 302,925,000.00 "
03/03/2020, 53.67 , 53.80 , 47.74 , 49.70 , 49.70 ," 386,760,000.00 "
04/03/2020, 50.93 , 51.10 , 48.32 , 49.97 , 49.97 ," 225,735,000.00 "
05/03/2020, 48.25 , 49.72 , 47.87 , 48.30 , 48.30 ," 162,790,500.00 "
06/03/2020, 46.00 , 47.13 , 45.62 , 46.90 , 46.90 ," 189,943,500.00 "
09/03/2020, 40.36 , 44.20 , 40.33 , 40.53 , 40.53 ," 256,105,500.00 "
10/03/2020, 43.96 , 44.53 , 40.53 , 43.02 , 43.02 ," 233,916,000.00 "
11/03/2020, 42.68 , 43.57 , 40.87 , 42.28 , 42.28 ," 199,837,500.00 "
12/03/2020, 38.73 , 39.63 , 36.42 , 37.37 , 37.37 ," 283,636,500.00 "
13/03/2020, 39.67 , 40.50 , 33.47 , 36.44 , 36.44 ," 339,604,500.00 "
16/03/2020, 31.30 , 32.99 , 29.48 , 29.67 , 29.67 ," 307,342,500.00 "
17/03/2020, 29.33 , 31.46 , 26.40 , 28.68 , 28.68 ," 359,919,000.00 "
18/03/2020, 25.93 , 26.99 , 23.37 , 24.08 , 24.08 ," 356,793,000.00 "
19/03/2020, 24.98 , 30.13 , 23.90 , 28.51 , 28.51 ," 452,932,500.00 "
20/03/2020, 29.21 , 31.80 , 28.39 , 28.50 , 28.50 ," 424,282,500.00 "
23/03/2020, 28.91 , 29.47 , 27.37 , 28.95 , 28.95 ," 246,817,500.00 "
24/03/2020, 31.82 , 34.25 , 31.60 , 33.67 , 33.67 ," 343,428,000.00 "
25/03/2020, 36.35 , 37.13 , 34.07 , 35.95 , 35.95 ," 318,340,500.00 "
26/03/2020, 36.49 , 37.33 , 34.15 , 35.21 , 35.21 ," 260,710,500.00 "
27/03/2020, 33.67 , 35.05 , 32.94 , 34.29 , 34.29 ," 215,661,000.00 "
30/03/2020, 34.02 , 34.44 , 32.75 , 33.48 , 33.48 ," 179,971,500.00 "
31/03/2020, 33.42 , 36.20 , 33.13 , 34.93 , 34.93 ," 266,572,500.00 "
01/04/2020, 33.60 , 34.26 , 31.67 , 32.10 , 32.10 ," 200,298,000.00 "
02/04/2020, 32.07 , 32.95 , 29.76 , 30.30 , 30.30 ," 297,876,000.00 "
03/04/2020, 33.97 , 34.37 , 31.23 , 32.00 , 32.00 ," 338,431,500.00 "
06/04/2020, 34.08 , 34.73 , 33.20 , 34.42 , 34.42 ," 223,527,000.00 "
07/04/2020, 36.33 , 37.67 , 35.49 , 36.36 , 36.36 ," 268,797,000.00 "
08/04/2020, 36.95 , 37.15 , 35.56 , 36.59 , 36.59 ," 189,840,000.00 "
09/04/2020, 37.47 , 38.35 , 37.14 , 38.20 , 38.20 ," 204,750,000.00 "
13/04/2020, 39.34 , 43.47 , 38.70 , 43.40 , 43.40 ," 337,131,000.00 "
14/04/2020, 46.60 , 49.46 , 46.16 , 47.33 , 47.33 ," 458,647,500.00 "
15/04/2020, 49.47 , 50.21 , 47.33 , 48.66 , 48.66 ," 353,655,000.00 "
16/04/2020, 47.80 , 50.63 , 47.11 , 49.68 , 49.68 ," 309,868,500.00 "
17/04/2020, 51.49 , 51.66 , 49.84 , 50.26 , 50.26 ," 196,923,000.00 "
20/04/2020, 48.85 , 51.04 , 47.48 , 49.76 , 49.76 ," 221,199,000.00 "
21/04/2020, 48.67 , 50.22 , 44.92 , 45.78 , 45.78 ," 303,136,500.00 "
22/04/2020, 46.93 , 48.93 , 45.91 , 48.81 , 48.81 ," 212,482,500.00 "
23/04/2020, 48.51 , 48.93 , 46.88 , 47.04 , 47.04 ," 198,550,500.00 "
24/04/2020, 47.39 , 48.72 , 46.55 , 48.34 , 48.34 ," 198,180,000.00 "
27/04/2020, 49.17 , 53.30 , 49.00 , 53.25 , 53.25 ," 310,221,000.00 "
28/04/2020, 53.04 , 53.67 , 50.45 , 51.27 , 51.27 ," 228,330,000.00 "
29/04/2020, 52.68 , 53.55 , 52.21 , 53.37 , 53.37 ," 243,240,000.00 "
30/04/2020, 57.01 , 57.99 , 50.90 , 52.13 , 52.13 ," 427,078,500.00 "
01/05/2020, 50.33 , 51.52 , 45.54 , 46.75 , 46.75 ," 487,977,000.00 "
04/05/2020, 46.73 , 50.80 , 46.53 , 50.75 , 50.75 ," 288,556,500.00 "
05/05/2020, 52.65 , 53.26 , 50.81 , 51.21 , 51.21 ," 254,875,500.00 "
06/05/2020, 51.77 , 52.65 , 50.74 , 52.17 , 52.17 ," 166,848,000.00 "
07/05/2020, 51.81 , 53.09 , 51.49 , 52.00 , 52.00 ," 172,915,500.00 "
08/05/2020, 52.92 , 54.93 , 52.47 , 54.63 , 54.63 ," 241,297,500.00 "
11/05/2020, 52.70 , 54.93 , 52.33 , 54.09 , 54.09 ," 247,794,000.00 "
12/05/2020, 55.13 , 56.22 , 53.87 , 53.96 , 53.96 ," 238,603,500.00 "
13/05/2020, 54.72 , 55.07 , 50.89 , 52.73 , 52.73 ," 285,982,500.00 "
14/05/2020, 52.00 , 53.56 , 50.93 , 53.56 , 53.56 ," 205,233,000.00 "
15/05/2020, 52.69 , 53.67 , 52.44 , 53.28 , 53.28 ," 157,776,000.00 "
18/05/2020, 55.19 , 55.65 , 53.59 , 54.24 , 54.24 ," 174,987,000.00 "
19/05/2020, 54.34 , 54.80 , 53.74 , 53.87 , 53.87 ," 144,547,500.00 "
20/05/2020, 54.70 , 55.07 , 54.12 , 54.37 , 54.37 ," 109,639,500.00 "
21/05/2020, 54.40 , 55.50 , 53.07 , 55.17 , 55.17 ," 183,819,000.00 "
22/05/2020, 54.81 , 55.45 , 54.13 , 54.46 , 54.46 ," 149,812,500.00 "
26/05/2020, 55.63 , 55.64 , 54.38 , 54.59 , 54.59 ," 121,345,500.00 "
27/05/2020, 54.72 , 55.18 , 52.33 , 54.68 , 54.68 ," 173,242,500.00 "
28/05/2020, 54.23 , 54.98 , 53.45 , 53.72 , 53.72 ," 108,834,000.00 "
29/05/2020, 53.92 , 55.67 , 53.61 , 55.67 , 55.67 ," 176,467,500.00 "
01/06/2020, 57.20 , 59.93 , 56.94 , 59.87 , 59.87 ," 224,092,500.00 "
02/06/2020, 59.65 , 60.58 , 58.07 , 58.77 , 58.77 ," 203,484,000.00 "
03/06/2020, 59.21 , 59.86 , 58.67 , 58.86 , 58.86 ," 119,242,500.00 "
04/06/2020, 59.33 , 59.72 , 57.23 , 57.63 , 57.63 ," 133,315,500.00 "
05/06/2020, 58.52 , 59.10 , 57.75 , 59.04 , 59.04 ," 117,178,500.00 "
08/06/2020, 61.27 , 63.33 , 60.61 , 63.33 , 63.33 ," 212,620,500.00 "
09/06/2020, 62.67 , 63.63 , 61.60 , 62.71 , 62.71 ," 170,823,000.00 "
10/06/2020, 66.13 , 68.50 , 65.50 , 68.34 , 68.34 ," 278,451,000.00 "
11/06/2020, 66.01 , 67.93 , 64.80 , 64.86 , 64.86 ," 238,747,500.00 "
12/06/2020, 65.33 , 65.87 , 60.84 , 62.35 , 62.35 ," 251,451,000.00 "
15/06/2020, 61.19 , 66.59 , 60.57 , 66.06 , 66.06 ," 235,458,000.00 "
16/06/2020, 67.46 , 67.53 , 64.16 , 65.48 , 65.48 ," 210,766,500.00 "
17/06/2020, 65.85 , 67.00 , 65.50 , 66.12 , 66.12 ," 148,362,000.00 "
18/06/2020, 66.87 , 67.95 , 66.30 , 66.93 , 66.93 ," 146,278,500.00 "
19/06/2020, 67.52 , 67.73 , 66.09 , 66.73 , 66.73 ," 130,195,500.00 "
22/06/2020, 66.66 , 67.26 , 66.00 , 66.29 , 66.29 ," 95,436,000.00 "
23/06/2020, 66.59 , 67.47 , 66.27 , 66.79 , 66.79 ," 95,479,500.00 "
24/06/2020, 66.27 , 66.73 , 63.54 , 64.06 , 64.06 ," 164,394,000.00 "
25/06/2020, 63.62 , 65.73 , 62.48 , 65.73 , 65.73 ," 138,817,500.00 "
26/06/2020, 66.32 , 66.33 , 63.66 , 63.98 , 63.98 ," 132,823,500.00 "
29/06/2020, 64.60 , 67.33 , 63.23 , 67.29 , 67.29 ," 135,396,000.00 "
30/06/2020, 67.10 , 72.51 , 66.92 , 71.99 , 71.99 ," 253,777,500.00 "
01/07/2020, 72.20 , 75.69 , 72.03 , 74.64 , 74.64 ," 199,903,500.00 "
02/07/2020, 81.43 , 81.87 , 79.04 , 80.58 , 80.58 ," 258,751,500.00 "
06/07/2020, 85.11 , 91.85 , 84.40 , 91.44 , 91.44 ," 308,548,500.00 "
07/07/2020, 93.67 , 95.30 , 89.11 , 92.66 , 92.66 ," 322,345,500.00 "
08/07/2020, 93.67 , 94.48 , 87.42 , 91.06 , 91.06 ," 244,669,500.00 "
09/07/2020, 93.13 , 93.90 , 90.09 , 92.95 , 92.95 ," 175,764,000.00 "
10/07/2020, 93.07 , 103.26 , 91.73 , 102.98 , 102.98 ," 350,064,000.00 "
13/07/2020, 110.60 , 119.67 , 98.07 , 99.80 , 99.80 ," 584,781,000.00 "
14/07/2020, 103.73 , 106.00 , 95.40 , 101.12 , 101.12 ," 351,271,500.00 "
15/07/2020, 102.87 , 103.33 , 97.13 , 103.07 , 103.07 ," 245,517,000.00 "
16/07/2020, 98.48 , 102.11 , 97.73 , 100.04 , 100.04 ," 214,512,000.00 "
17/07/2020, 100.90 , 102.50 , 99.33 , 100.06 , 100.06 ," 139,950,000.00 "
20/07/2020, 101.27 , 110.00 , 99.20 , 109.53 , 109.53 ," 256,821,000.00 "
21/07/2020, 109.33 , 111.67 , 103.87 , 104.56 , 104.56 ," 241,608,000.00 "
22/07/2020, 106.60 , 108.43 , 104.13 , 106.16 , 106.16 ," 212,416,500.00 "
23/07/2020, 111.93 , 112.60 , 98.72 , 100.87 , 100.87 ," 364,927,500.00 "
24/07/2020, 94.40 , 97.67 , 91.10 , 94.47 , 94.47 ," 290,949,000.00 "
27/07/2020, 95.67 , 103.20 , 94.20 , 102.64 , 102.64 ," 240,730,500.00 "
28/07/2020, 100.27 , 104.31 , 98.29 , 98.43 , 98.43 ," 237,130,500.00 "
29/07/2020, 100.07 , 102.32 , 99.13 , 99.94 , 99.94 ," 141,403,500.00 "
30/07/2020, 99.20 , 100.88 , 98.07 , 99.17 , 99.17 ," 114,315,000.00 "
31/07/2020, 101.00 , 101.14 , 94.73 , 95.38 , 95.38 ," 183,123,000.00 "
03/08/2020, 96.61 , 100.65 , 96.29 , 99.00 , 99.00 ," 132,139,500.00 "
04/08/2020, 99.67 , 101.83 , 97.47 , 99.13 , 99.13 ," 126,225,000.00 "
05/08/2020, 99.53 , 99.99 , 97.89 , 99.00 , 99.00 ," 74,217,000.00 "
06/08/2020, 99.39 , 101.15 , 98.48 , 99.31 , 99.31 ," 89,884,500.00 "
07/08/2020, 99.97 , 99.98 , 94.33 , 96.85 , 96.85 ," 133,446,000.00 "
10/08/2020, 96.53 , 97.17 , 92.39 , 94.57 , 94.57 ," 112,834,500.00 "
11/08/2020, 93.07 , 94.67 , 91.00 , 91.63 , 91.63 ," 129,387,000.00 "
12/08/2020, 98.00 , 105.67 , 95.67 , 103.65 , 103.65 ," 327,441,000.00 "
13/08/2020, 107.40 , 110.08 , 104.48 , 108.07 , 108.07 ," 306,379,500.00 "
14/08/2020, 111.00 , 111.25 , 108.44 , 110.05 , 110.05 ," 188,664,000.00 "
17/08/2020, 111.80 , 123.06 , 111.52 , 122.38 , 122.38 ," 303,634,500.00 "
18/08/2020, 126.60 , 128.26 , 123.01 , 125.81 , 125.81 ," 247,117,500.00 "
19/08/2020, 124.33 , 127.40 , 122.75 , 125.24 , 125.24 ," 183,079,500.00 "
20/08/2020, 124.05 , 134.80 , 123.80 , 133.46 , 133.46 ," 309,177,000.00 "
21/08/2020, 136.32 , 139.70 , 135.00 , 136.67 , 136.67 ," 322,344,000.00 "
24/08/2020, 141.75 , 141.93 , 128.50 , 134.28 , 134.28 ," 300,954,000.00 "
25/08/2020, 131.66 , 135.20 , 131.20 , 134.89 , 134.89 ," 159,883,500.00 "
26/08/2020, 137.33 , 144.40 , 136.91 , 143.54 , 143.54 ," 213,591,000.00 "
27/08/2020, 145.36 , 153.04 , 142.83 , 149.25 , 149.25 ," 355,395,000.00 "
28/08/2020, 153.01 , 154.57 , 145.77 , 147.56 , 147.56 ," 301,218,000.00 "
31/08/2020, 148.20 , 166.71 , 146.70 , 166.11 , 166.11 ," 355,123,200.00 "
01/09/2020, 167.38 , 167.50 , 156.84 , 158.35 , 158.35 ," 269,523,300.00 "
02/09/2020, 159.66 , 159.68 , 135.04 , 149.12 , 149.12 ," 288,528,300.00 "
03/09/2020, 135.74 , 143.93 , 134.00 , 135.67 , 135.67 ," 262,788,300.00 "
04/09/2020, 134.27 , 142.67 , 124.01 , 139.44 , 139.44 ," 330,965,700.00 "
08/09/2020, 118.67 , 122.91 , 109.96 , 110.07 , 110.07 ," 346,397,100.00 "
09/09/2020, 118.87 , 123.00 , 113.84 , 122.09 , 122.09 ," 238,397,400.00 "
10/09/2020, 128.74 , 133.00 , 120.19 , 123.78 , 123.78 ," 254,791,800.00 "
11/09/2020, 127.31 , 127.50 , 120.17 , 124.24 , 124.24 ," 182,152,500.00 "
14/09/2020, 126.98 , 140.00 , 124.43 , 139.87 , 139.87 ," 249,061,800.00 "
15/09/2020, 145.52 , 153.98 , 143.57 , 149.92 , 149.92 ," 291,894,600.00 "
16/09/2020, 146.62 , 152.60 , 145.10 , 147.25 , 147.25 ," 216,837,900.00 "
17/09/2020, 138.53 , 145.93 , 136.00 , 141.14 , 141.14 ," 230,337,600.00 "
18/09/2020, 149.31 , 150.33 , 142.93 , 147.38 , 147.38 ," 259,220,400.00 "
21/09/2020, 151.04 , 151.89 , 135.69 , 149.80 , 149.80 ," 328,430,400.00 "
22/09/2020, 143.20 , 145.92 , 139.20 , 141.41 , 141.41 ," 238,742,400.00 "
23/09/2020, 135.05 , 137.38 , 125.29 , 126.79 , 126.79 ," 285,222,600.00 "
24/09/2020, 121.27 , 133.17 , 117.10 , 129.26 , 129.26 ," 289,683,300.00 "
25/09/2020, 131.16 , 136.24 , 130.43 , 135.78 , 135.78 ," 201,625,500.00 "
28/09/2020, 141.54 , 142.69 , 138.52 , 140.40 , 140.40 ," 149,158,800.00 "
29/09/2020, 138.67 , 142.83 , 137.20 , 139.69 , 139.69 ," 150,657,900.00 "
30/09/2020, 140.44 , 144.64 , 140.16 , 143.00 , 143.00 ," 144,436,800.00 "
01/10/2020, 146.92 , 149.63 , 144.81 , 149.39 , 149.39 ," 152,224,500.00 "
02/10/2020, 140.46 , 146.38 , 138.33 , 138.36 , 138.36 ," 214,290,000.00 "
05/10/2020, 141.12 , 144.55 , 139.78 , 141.89 , 141.89 ," 134,168,400.00 "
06/10/2020, 141.26 , 142.93 , 135.35 , 137.99 , 137.99 ," 147,438,900.00 "
07/10/2020, 139.96 , 143.30 , 137.95 , 141.77 , 141.77 ," 129,383,100.00 "
08/10/2020, 146.15 , 146.33 , 141.77 , 141.97 , 141.97 ," 121,263,300.00 "
09/10/2020, 143.38 , 144.86 , 142.15 , 144.67 , 144.67 ," 86,777,100.00 "
12/10/2020, 147.33 , 149.58 , 146.19 , 147.43 , 147.43 ," 116,373,300.00 "
13/10/2020, 147.78 , 149.63 , 145.53 , 148.88 , 148.88 ," 103,391,100.00 "
14/10/2020, 149.93 , 155.30 , 149.12 , 153.77 , 153.77 ," 143,639,100.00 "
15/10/2020, 150.10 , 152.19 , 147.50 , 149.63 , 149.63 ," 107,017,200.00 "
16/10/2020, 151.48 , 151.98 , 146.28 , 146.56 , 146.56 ," 98,327,700.00 "
19/10/2020, 148.75 , 149.00 , 142.96 , 143.61 , 143.61 ," 108,863,400.00 "
20/10/2020, 143.92 , 143.92 , 139.68 , 140.65 , 140.65 ," 94,968,900.00 "
21/10/2020, 140.90 , 144.32 , 140.42 , 140.88 , 140.88 ," 97,111,500.00 "
22/10/2020, 147.31 , 148.41 , 141.50 , 141.93 , 141.93 ," 119,979,600.00 "
23/10/2020, 140.61 , 140.96 , 135.79 , 140.21 , 140.21 ," 101,151,000.00 "
26/10/2020, 137.21 , 141.92 , 136.67 , 140.09 , 140.09 ," 84,717,600.00 "
27/10/2020, 141.25 , 143.50 , 140.03 , 141.56 , 141.56 ," 68,059,500.00 "
28/10/2020, 138.83 , 139.53 , 135.33 , 135.34 , 135.34 ," 76,354,200.00 "
29/10/2020, 136.65 , 139.35 , 135.49 , 136.94 , 136.94 ," 67,965,900.00 "
30/10/2020, 135.63 , 135.86 , 126.37 , 129.35 , 129.35 ," 127,533,900.00 "
02/11/2020, 131.33 , 135.66 , 130.77 , 133.50 , 133.50 ," 87,063,300.00 "
03/11/2020, 136.58 , 142.59 , 135.56 , 141.30 , 141.30 ," 103,055,100.00 "
04/11/2020, 143.54 , 145.13 , 139.03 , 140.33 , 140.33 ," 96,429,300.00 "
05/11/2020, 142.77 , 146.67 , 141.33 , 146.03 , 146.03 ," 85,243,500.00 "
06/11/2020, 145.37 , 145.52 , 141.43 , 143.32 , 143.32 ," 65,118,000.00 "
09/11/2020, 146.50 , 150.83 , 140.33 , 140.42 , 140.42 ," 104,499,000.00 "
10/11/2020, 140.03 , 140.03 , 132.01 , 136.79 , 136.79 ," 90,852,600.00 "
11/11/2020, 138.82 , 139.57 , 136.86 , 139.04 , 139.04 ," 52,073,100.00 "
12/11/2020, 138.35 , 141.00 , 136.51 , 137.25 , 137.25 ," 59,565,300.00 "
13/11/2020, 136.95 , 137.51 , 133.89 , 136.17 , 136.17 ," 59,313,300.00 "
16/11/2020, 136.31 , 137.48 , 134.70 , 136.03 , 136.03 ," 80,515,800.00 "
17/11/2020, 153.39 , 154.00 , 144.34 , 147.20 , 147.20 ," 183,564,900.00 "
18/11/2020, 149.45 , 165.33 , 147.83 , 162.21 , 162.21 ," 234,132,000.00 "
19/11/2020, 164.00 , 169.54 , 162.52 , 166.42 , 166.42 ," 187,425,900.00 "
20/11/2020, 166.00 , 167.50 , 163.02 , 163.20 , 163.20 ," 98,735,700.00 "
23/11/2020, 167.83 , 175.33 , 167.26 , 173.95 , 173.95 ," 150,780,900.00 "
24/11/2020, 180.13 , 186.66 , 175.40 , 185.13 , 185.13 ," 160,945,500.00 "
25/11/2020, 183.35 , 191.33 , 181.79 , 191.33 , 191.33 ," 146,790,600.00 "
27/11/2020, 193.72 , 199.59 , 192.82 , 195.25 , 195.25 ," 112,683,300.00 "
30/11/2020, 200.74 , 202.60 , 184.84 , 189.20 , 189.20 ," 189,009,300.00 "
01/12/2020, 199.20 , 199.28 , 190.68 , 194.92 , 194.92 ," 120,310,500.00 "
02/12/2020, 185.48 , 190.51 , 180.40 , 189.61 , 189.61 ," 143,327,100.00 "
03/12/2020, 196.67 , 199.66 , 194.14 , 197.79 , 197.79 ," 127,656,000.00 "
04/12/2020, 197.00 , 199.68 , 195.17 , 199.68 , 199.68 ," 88,203,900.00 "
07/12/2020, 201.64 , 216.26 , 201.02 , 213.92 , 213.92 ," 168,929,100.00 "
08/12/2020, 208.50 , 217.09 , 206.17 , 216.63 , 216.63 ," 192,795,000.00 "
09/12/2020, 217.90 , 218.11 , 196.00 , 201.49 , 201.49 ," 213,873,600.00 "
10/12/2020, 191.46 , 209.25 , 188.78 , 209.02 , 209.02 ," 201,249,600.00 "
11/12/2020, 205.00 , 208.00 , 198.93 , 203.33 , 203.33 ," 139,425,000.00 "
14/12/2020, 206.33 , 214.25 , 203.40 , 213.28 , 213.28 ," 156,121,800.00 "
15/12/2020, 214.43 , 215.63 , 207.93 , 211.08 , 211.08 ," 135,214,500.00 "
16/12/2020, 209.41 , 210.83 , 201.67 , 207.59 , 207.59 ," 126,287,400.00 "
17/12/2020, 209.40 , 219.61 , 206.50 , 218.63 , 218.63 ," 168,810,300.00 "
18/12/2020, 222.97 , 231.67 , 209.51 , 231.67 , 231.67 ," 666,378,600.00 "
21/12/2020, 222.08 , 222.83 , 215.36 , 216.62 , 216.62 ," 174,135,900.00 "
22/12/2020, 216.00 , 216.63 , 204.74 , 213.45 , 213.45 ," 155,148,000.00 "
23/12/2020, 210.73 , 217.17 , 207.52 , 215.33 , 215.33 ," 99,519,000.00 "
24/12/2020, 214.33 , 222.03 , 213.67 , 220.59 , 220.59 ," 68,596,800.00 "
28/12/2020, 224.84 , 227.13 , 220.27 , 221.23 , 221.23 ," 96,835,800.00 "
29/12/2020, 220.33 , 223.30 , 218.33 , 222.00 , 222.00 ," 68,732,400.00 "
30/12/2020, 224.00 , 232.20 , 222.79 , 231.59 , 231.59 ," 128,538,000.00 "
31/12/2020, 233.33 , 239.57 , 230.37 , 235.22 , 235.22 ," 148,949,700.00 "
04/01/2021, 239.82 , 248.16 , 239.06 , 243.26 , 243.26 ," 145,914,600.00 "
05/01/2021, 241.22 , 246.95 , 239.73 , 245.04 , 245.04 ," 96,735,600.00 "
06/01/2021, 252.83 , 258.00 , 249.70 , 251.99 , 251.99 ," 134,100,000.00 "
07/01/2021, 259.21 , 272.33 , 258.40 , 272.01 , 272.01 ," 154,496,700.00 "
08/01/2021, 285.33 , 294.83 , 279.46 , 293.34 , 293.34 ," 225,166,500.00 "
11/01/2021, 283.13 , 284.81 , 267.87 , 270.40 , 270.40 ," 177,904,800.00 "
12/01/2021, 277.00 , 289.33 , 275.78 , 283.15 , 283.15 ," 138,812,100.00 "
13/01/2021, 284.25 , 286.82 , 277.33 , 284.80 , 284.80 ," 99,937,500.00 "
14/01/2021, 281.13 , 287.67 , 279.58 , 281.67 , 281.67 ," 93,798,900.00 "
15/01/2021, 284.00 , 286.63 , 273.03 , 275.39 , 275.39 ," 116,332,800.00 "
19/01/2021, 279.27 , 283.33 , 277.67 , 281.52 , 281.52 ," 76,101,000.00 "
20/01/2021, 286.25 , 286.50 , 279.09 , 283.48 , 283.48 ," 76,997,700.00 "
21/01/2021, 285.00 , 285.24 , 280.47 , 281.66 , 281.66 ," 61,563,300.00 "
22/01/2021, 278.10 , 282.67 , 276.21 , 282.21 , 282.21 ," 60,199,500.00 "
25/01/2021, 285.00 , 300.13 , 279.61 , 293.60 , 293.60 ," 123,520,200.00 "
26/01/2021, 297.13 , 298.63 , 290.53 , 294.36 , 294.36 ," 69,394,800.00 "
27/01/2021, 290.12 , 297.17 , 286.22 , 288.05 , 288.05 ," 82,002,000.00 "
28/01/2021, 273.33 , 282.67 , 267.00 , 278.48 , 278.48 ," 79,134,000.00 "
29/01/2021, 276.67 , 280.80 , 260.03 , 264.51 , 264.51 ," 104,972,400.00 "
01/02/2021, 271.43 , 280.67 , 265.19 , 279.94 , 279.94 ," 76,174,200.00 "
02/02/2021, 281.56 , 293.50 , 280.73 , 290.93 , 290.93 ," 73,038,600.00 "
03/02/2021, 292.34 , 292.69 , 284.35 , 284.90 , 284.90 ," 55,030,500.00 "
04/02/2021, 285.00 , 285.50 , 277.81 , 283.33 , 283.33 ," 47,438,100.00 "
05/02/2021, 281.67 , 288.26 , 279.66 , 284.08 , 284.08 ," 55,699,800.00 "
08/02/2021, 289.89 , 292.59 , 284.92 , 287.81 , 287.81 ," 60,485,100.00 "
09/02/2021, 285.04 , 286.60 , 280.58 , 283.15 , 283.15 ," 45,473,100.00 "
10/02/2021, 281.21 , 281.61 , 266.67 , 268.27 , 268.27 ," 108,648,300.00 "
11/02/2021, 270.81 , 276.63 , 267.24 , 270.55 , 270.55 ," 64,868,400.00 "
12/02/2021, 267.09 , 272.44 , 261.78 , 272.04 , 272.04 ," 71,304,900.00 "
16/02/2021, 272.67 , 273.67 , 264.15 , 265.41 , 265.41 ," 59,406,900.00 "
17/02/2021, 259.70 , 266.61 , 254.00 , 266.05 , 266.05 ," 77,989,500.00 "
18/02/2021, 260.30 , 264.90 , 258.76 , 262.46 , 262.46 ," 53,871,300.00 "
19/02/2021, 265.00 , 265.60 , 259.12 , 260.43 , 260.43 ," 56,874,900.00 "
22/02/2021, 254.21 , 256.17 , 236.73 , 238.17 , 238.17 ," 111,809,100.00 "
23/02/2021, 220.71 , 237.87 , 206.33 , 232.95 , 232.95 ," 199,820,700.00 "
24/02/2021, 237.28 , 248.33 , 231.39 , 247.34 , 247.34 ," 110,301,000.00 "
25/02/2021, 242.05 , 245.74 , 223.53 , 227.41 , 227.41 ," 117,071,700.00 "
26/02/2021, 233.33 , 235.57 , 219.84 , 225.17 , 225.17 ," 123,267,600.00 "
01/03/2021, 230.04 , 239.67 , 228.35 , 239.48 , 239.48 ," 81,408,600.00 "
02/03/2021, 239.43 , 240.37 , 228.33 , 228.81 , 228.81 ," 71,196,600.00 "
03/03/2021, 229.33 , 233.57 , 217.24 , 217.73 , 217.73 ," 90,624,000.00 "
04/03/2021, 218.60 , 222.82 , 200.00 , 207.15 , 207.15 ," 197,758,500.00 "
05/03/2021, 208.69 , 209.28 , 179.83 , 199.32 , 199.32 ," 268,189,500.00 "
08/03/2021, 200.18 , 206.71 , 186.26 , 187.67 , 187.67 ," 155,361,000.00 "
09/03/2021, 202.73 , 226.03 , 198.40 , 224.53 , 224.53 ," 202,569,900.00 "
10/03/2021, 233.43 , 239.28 , 218.35 , 222.69 , 222.69 ," 181,817,100.00 "
11/03/2021, 233.13 , 234.17 , 225.73 , 233.20 , 233.20 ," 108,761,700.00 "
12/03/2021, 223.33 , 231.63 , 222.05 , 231.24 , 231.24 ," 100,751,400.00 "
15/03/2021, 231.36 , 237.73 , 228.01 , 235.98 , 235.98 ," 88,006,800.00 "
16/03/2021, 234.45 , 235.97 , 223.67 , 225.63 , 225.63 ," 96,587,100.00 "
17/03/2021, 218.96 , 234.58 , 217.00 , 233.94 , 233.94 ," 121,117,500.00 "
18/03/2021, 228.10 , 229.74 , 217.33 , 217.72 , 217.72 ," 99,674,400.00 "
19/03/2021, 215.53 , 219.08 , 208.21 , 218.29 , 218.29 ," 128,682,000.00 "
22/03/2021, 228.20 , 233.21 , 222.92 , 223.33 , 223.33 ," 118,536,600.00 "
23/03/2021, 225.26 , 225.93 , 219.17 , 220.72 , 220.72 ," 91,475,700.00 "
24/03/2021, 222.64 , 222.67 , 210.04 , 210.09 , 210.09 ," 101,385,600.00 "
25/03/2021, 204.33 , 215.17 , 203.17 , 213.46 , 213.46 ," 117,674,700.00 "
26/03/2021, 213.96 , 214.61 , 199.96 , 206.24 , 206.24 ," 101,558,400.00 "
29/03/2021, 205.21 , 205.49 , 198.67 , 203.76 , 203.76 ," 85,911,000.00 "
30/03/2021, 200.58 , 212.55 , 197.00 , 211.87 , 211.87 ," 118,297,200.00 "
31/03/2021, 215.54 , 224.00 , 213.70 , 222.64 , 222.64 ," 100,011,900.00 "
01/04/2021, 229.46 , 230.81 , 219.81 , 220.58 , 220.58 ," 105,895,200.00 "
05/04/2021, 235.90 , 236.05 , 228.23 , 230.35 , 230.35 ," 125,528,400.00 "
06/04/2021, 230.10 , 232.18 , 227.12 , 230.54 , 230.54 ," 84,815,400.00 "
07/04/2021, 229.00 , 230.46 , 222.61 , 223.66 , 223.66 ," 78,928,200.00 "
08/04/2021, 225.79 , 229.85 , 223.88 , 227.93 , 227.93 ," 71,772,900.00 "
09/04/2021, 225.92 , 226.99 , 223.14 , 225.67 , 225.67 ," 64,311,300.00 "
12/04/2021, 228.57 , 234.93 , 227.36 , 233.99 , 233.99 ," 87,407,100.00 "
13/04/2021, 237.57 , 254.33 , 236.89 , 254.11 , 254.11 ," 133,958,400.00 "
14/04/2021, 256.90 , 260.26 , 242.68 , 244.08 , 244.08 ," 147,052,200.00 "
15/04/2021, 247.70 , 247.90 , 240.44 , 246.28 , 246.28 ," 83,546,700.00 "
16/04/2021, 242.88 , 249.80 , 241.53 , 246.59 , 246.59 ," 83,938,500.00 "
19/04/2021, 239.87 , 241.80 , 230.60 , 238.21 , 238.21 ," 119,058,600.00 "
20/04/2021, 239.14 , 245.75 , 236.90 , 239.66 , 239.66 ," 106,827,000.00 "
21/04/2021, 234.92 , 248.28 , 232.67 , 248.04 , 248.04 ," 93,646,500.00 "
22/04/2021, 247.17 , 251.26 , 239.35 , 239.90 , 239.90 ," 106,770,900.00 "
23/04/2021, 239.93 , 245.79 , 238.49 , 243.13 , 243.13 ," 85,110,000.00 "
26/04/2021, 247.00 , 249.77 , 244.20 , 246.07 , 246.07 ," 93,115,500.00 "
27/04/2021, 239.32 , 241.33 , 234.45 , 234.91 , 234.91 ," 88,311,000.00 "
28/04/2021, 232.14 , 236.17 , 231.20 , 231.47 , 231.47 ," 66,813,000.00 "
29/04/2021, 233.17 , 234.08 , 222.83 , 225.67 , 225.67 ," 86,536,200.00 "
30/04/2021, 222.53 , 238.49 , 222.05 , 236.48 , 236.48 ," 122,276,100.00 "
03/05/2021, 234.60 , 235.33 , 226.83 , 228.30 , 228.30 ," 81,129,300.00 "
04/05/2021, 226.31 , 227.82 , 219.23 , 224.53 , 224.53 ," 89,217,900.00 "
05/05/2021, 227.02 , 228.43 , 222.45 , 223.65 , 223.65 ," 65,705,700.00 "
06/05/2021, 226.92 , 227.01 , 216.67 , 221.18 , 221.18 ," 83,353,800.00 "
07/05/2021, 221.93 , 230.00 , 220.07 , 224.12 , 224.12 ," 70,407,600.00 "
10/05/2021, 221.63 , 221.68 , 209.20 , 209.68 , 209.68 ," 94,177,200.00 "
11/05/2021, 199.75 , 209.03 , 198.53 , 205.73 , 205.73 ," 139,511,700.00 "
12/05/2021, 200.83 , 206.80 , 195.59 , 196.63 , 196.63 ," 101,470,800.00 "
13/05/2021, 200.51 , 202.15 , 186.55 , 190.56 , 190.56 ," 132,554,700.00 "
14/05/2021, 194.47 , 197.62 , 190.15 , 196.58 , 196.58 ," 100,112,700.00 "
17/05/2021, 191.85 , 196.58 , 187.07 , 192.28 , 192.28 ," 97,171,200.00 "
18/05/2021, 189.33 , 198.75 , 187.79 , 192.62 , 192.62 ," 110,491,800.00 "
19/05/2021, 184.18 , 188.74 , 182.33 , 187.82 , 187.82 ," 118,735,200.00 "
20/05/2021, 191.67 , 196.28 , 190.36 , 195.59 , 195.59 ," 92,463,300.00 "
21/05/2021, 198.70 , 198.89 , 193.33 , 193.63 , 193.63 ," 78,091,800.00 "
24/05/2021, 193.87 , 204.83 , 191.22 , 202.15 , 202.15 ," 103,674,300.00 "
25/05/2021, 202.44 , 204.66 , 198.57 , 201.56 , 201.56 ," 84,017,700.00 "
26/05/2021, 202.52 , 208.72 , 200.50 , 206.38 , 206.38 ," 85,917,900.00 "
27/05/2021, 206.75 , 210.38 , 205.40 , 210.28 , 210.28 ," 79,111,800.00 "
28/05/2021, 209.50 , 211.86 , 207.46 , 208.41 , 208.41 ," 68,211,000.00 "
01/06/2021, 209.27 , 211.27 , 206.85 , 207.97 , 207.97 ," 54,254,700.00 "
02/06/2021, 206.71 , 207.79 , 199.71 , 201.71 , 201.71 ," 69,908,400.00 "
03/06/2021, 200.60 , 201.52 , 190.41 , 190.95 , 190.95 ," 90,335,700.00 "
04/06/2021, 193.24 , 200.20 , 192.40 , 199.68 , 199.68 ," 72,110,700.00 "
07/06/2021, 197.28 , 203.33 , 194.29 , 201.71 , 201.71 ," 67,631,100.00 "
08/06/2021, 207.67 , 207.70 , 198.50 , 201.20 , 201.20 ," 78,160,200.00 "
09/06/2021, 200.72 , 203.93 , 199.21 , 199.59 , 199.59 ," 49,753,800.00 "
10/06/2021, 201.29 , 205.53 , 200.17 , 203.37 , 203.37 ," 71,758,800.00 "
11/06/2021, 203.41 , 204.19 , 200.51 , 203.30 , 203.30 ," 48,615,900.00 "
14/06/2021, 204.08 , 208.50 , 203.06 , 205.90 , 205.90 ," 61,272,000.00 "
15/06/2021, 205.56 , 205.60 , 199.41 , 199.79 , 199.79 ," 53,292,300.00 "
16/06/2021, 199.18 , 202.83 , 197.83 , 201.62 , 201.62 ," 66,432,300.00 "
17/06/2021, 200.63 , 207.16 , 200.45 , 205.53 , 205.53 ," 68,104,200.00 "
18/06/2021, 204.46 , 209.45 , 203.93 , 207.77 , 207.77 ," 73,682,700.00 "
21/06/2021, 208.16 , 210.46 , 202.96 , 206.94 , 206.94 ," 74,438,100.00 "
22/06/2021, 206.08 , 209.52 , 205.17 , 207.90 , 207.90 ," 57,476,700.00 "
23/06/2021, 210.67 , 219.07 , 210.01 , 218.86 , 218.86 ," 93,297,600.00 "
24/06/2021, 225.00 , 232.54 , 222.54 , 226.61 , 226.61 ," 137,947,200.00 "
25/06/2021, 229.86 , 231.27 , 222.90 , 223.96 , 223.96 ," 97,490,100.00 "
28/06/2021, 223.88 , 231.57 , 223.44 , 229.57 , 229.57 ," 64,884,600.00 "
29/06/2021, 228.22 , 229.17 , 225.30 , 226.92 , 226.92 ," 52,143,900.00 "
30/06/2021, 226.59 , 230.94 , 226.05 , 226.57 , 226.57 ," 56,774,700.00 "
01/07/2021, 227.97 , 229.33 , 224.27 , 225.97 , 225.97 ," 55,903,500.00 "
02/07/2021, 226.33 , 233.33 , 224.42 , 226.30 , 226.30 ," 81,163,500.00 "
06/07/2021, 227.24 , 228.00 , 217.13 , 219.86 , 219.86 ," 69,853,500.00 "
07/07/2021, 221.42 , 221.90 , 212.77 , 214.88 , 214.88 ," 56,376,000.00 "
08/07/2021, 209.46 , 218.14 , 206.82 , 217.60 , 217.60 ," 68,319,900.00 "
09/07/2021, 217.73 , 219.64 , 214.90 , 218.98 , 218.98 ," 54,421,500.00 "
12/07/2021, 220.73 , 229.08 , 220.72 , 228.57 , 228.57 ," 77,781,000.00 "
13/07/2021, 228.77 , 231.09 , 222.10 , 222.85 , 222.85 ," 62,898,300.00 "
14/07/2021, 223.58 , 226.20 , 217.61 , 217.79 , 217.79 ," 64,923,600.00 "
15/07/2021, 219.46 , 222.05 , 212.63 , 216.87 , 216.87 ," 60,628,800.00 "
16/07/2021, 218.23 , 218.90 , 214.07 , 214.74 , 214.74 ," 49,113,000.00 "
19/07/2021, 209.96 , 215.73 , 207.10 , 215.41 , 215.41 ," 63,891,300.00 "
20/07/2021, 217.33 , 220.80 , 213.50 , 220.17 , 220.17 ," 46,461,300.00 "
21/07/2021, 219.87 , 221.62 , 216.76 , 218.43 , 218.43 ," 41,859,900.00 "
22/07/2021, 218.81 , 220.72 , 214.87 , 216.42 , 216.42 ," 45,317,100.00 "
23/07/2021, 215.45 , 216.27 , 212.43 , 214.46 , 214.46 ," 43,814,700.00 "
26/07/2021, 216.99 , 222.73 , 215.70 , 219.21 , 219.21 ," 76,009,800.00 "
27/07/2021, 221.13 , 222.17 , 209.08 , 214.93 , 214.93 ," 98,439,900.00 "
28/07/2021, 215.67 , 218.32 , 213.13 , 215.66 , 215.66 ," 48,019,800.00 "
29/07/2021, 216.60 , 227.90 , 216.27 , 225.78 , 225.78 ," 91,183,800.00 "
30/07/2021, 223.92 , 232.51 , 223.00 , 229.07 , 229.07 ," 88,969,200.00 "
02/08/2021, 233.33 , 242.31 , 232.80 , 236.56 , 236.56 ," 100,847,400.00 "
03/08/2021, 239.67 , 240.88 , 233.67 , 236.58 , 236.58 ," 64,860,900.00 "
04/08/2021, 237.00 , 241.63 , 236.31 , 236.97 , 236.97 ," 51,007,800.00 "
05/08/2021, 238.67 , 240.32 , 237.14 , 238.21 , 238.21 ," 38,758,800.00 "
06/08/2021, 237.30 , 238.78 , 232.54 , 233.03 , 233.03 ," 46,869,000.00 "
09/08/2021, 236.72 , 239.68 , 235.04 , 237.92 , 237.92 ," 44,145,900.00 "
10/08/2021, 238.00 , 238.86 , 233.96 , 236.66 , 236.66 ," 40,296,900.00 "
11/08/2021, 237.57 , 238.39 , 234.74 , 235.94 , 235.94 ," 29,401,800.00 "
12/08/2021, 235.45 , 240.93 , 233.13 , 240.75 , 240.75 ," 52,377,300.00 "
13/08/2021, 241.24 , 243.30 , 238.11 , 239.06 , 239.06 ," 50,194,500.00 "
16/08/2021, 235.02 , 236.50 , 225.47 , 228.72 , 228.72 ," 68,032,200.00 "
17/08/2021, 224.22 , 224.86 , 216.28 , 221.90 , 221.90 ," 71,163,900.00 "
18/08/2021, 223.25 , 231.92 , 223.12 , 229.66 , 229.66 ," 61,048,200.00 "
19/08/2021, 226.07 , 228.85 , 222.53 , 224.49 , 224.49 ," 42,940,500.00 "
20/08/2021, 227.62 , 230.71 , 224.57 , 226.75 , 226.75 ," 44,525,700.00 "
23/08/2021, 228.48 , 237.38 , 226.92 , 235.43 , 235.43 ," 60,794,700.00 "
24/08/2021, 236.89 , 238.41 , 234.21 , 236.16 , 236.16 ," 39,249,300.00 "
25/08/2021, 235.68 , 238.99 , 234.67 , 237.07 , 237.07 ," 37,936,800.00 "
26/08/2021, 236.10 , 238.47 , 232.54 , 233.72 , 233.72 ," 39,642,900.00 "
27/08/2021, 235.00 , 238.33 , 234.03 , 237.31 , 237.31 ," 41,501,400.00 "
30/08/2021, 238.24 , 243.67 , 237.58 , 243.64 , 243.64 ," 55,812,600.00 "
31/08/2021, 244.33 , 246.80 , 242.15 , 245.24 , 245.24 ," 62,566,200.00 "
01/09/2021, 244.69 , 247.33 , 243.76 , 244.70 , 244.70 ," 39,612,900.00 "
02/09/2021, 244.83 , 246.99 , 243.51 , 244.13 , 244.13 ," 38,331,900.00 "
03/09/2021, 244.08 , 244.67 , 241.40 , 244.52 , 244.52 ," 45,738,300.00 "
07/09/2021, 246.67 , 253.40 , 246.42 , 250.97 , 250.97 ," 60,119,400.00 "
08/09/2021, 253.86 , 254.82 , 246.92 , 251.29 , 251.29 ," 56,379,000.00 "
09/09/2021, 251.14 , 254.03 , 250.54 , 251.62 , 251.62 ," 42,233,100.00 "
10/09/2021, 253.20 , 254.20 , 244.84 , 245.42 , 245.42 ," 45,552,600.00 "
13/09/2021, 246.74 , 248.26 , 236.28 , 247.67 , 247.67 ," 68,857,500.00 "
14/09/2021, 247.52 , 251.49 , 245.47 , 248.16 , 248.16 ," 55,574,700.00 "
15/09/2021, 248.33 , 252.29 , 246.12 , 251.94 , 251.94 ," 46,073,100.00 "
16/09/2021, 250.94 , 252.97 , 249.20 , 252.33 , 252.33 ," 41,770,200.00 "
17/09/2021, 252.38 , 253.68 , 250.00 , 253.16 , 253.16 ," 84,612,600.00 "
20/09/2021, 244.85 , 247.33 , 239.54 , 243.39 , 243.39 ," 74,273,100.00 "
21/09/2021, 244.93 , 248.25 , 243.48 , 246.46 , 246.46 ," 48,992,100.00 "
22/09/2021, 247.84 , 251.22 , 246.37 , 250.65 , 250.65 ," 45,378,900.00 "
23/09/2021, 251.67 , 252.73 , 249.31 , 251.21 , 251.21 ," 35,842,500.00 "
24/09/2021, 248.63 , 258.27 , 248.19 , 258.13 , 258.13 ," 64,119,000.00 "
27/09/2021, 257.71 , 266.33 , 256.44 , 263.79 , 263.79 ," 84,212,100.00 "
28/09/2021, 262.40 , 265.21 , 255.39 , 259.19 , 259.19 ," 76,144,200.00 "
29/09/2021, 259.93 , 264.50 , 256.89 , 260.44 , 260.44 ," 62,828,700.00 "
30/09/2021, 260.33 , 263.04 , 258.33 , 258.49 , 258.49 ," 53,868,000.00 "
01/10/2021, 259.47 , 260.26 , 254.53 , 258.41 , 258.41 ," 51,094,200.00 "
04/10/2021, 265.50 , 268.99 , 258.71 , 260.51 , 260.51 ," 91,449,900.00 "
05/10/2021, 261.60 , 265.77 , 258.07 , 260.20 , 260.20 ," 55,297,800.00 "
06/10/2021, 258.73 , 262.22 , 257.74 , 260.92 , 260.92 ," 43,898,400.00 "
07/10/2021, 261.82 , 268.33 , 261.13 , 264.54 , 264.54 ," 57,587,400.00 "
08/10/2021, 265.40 , 265.46 , 260.30 , 261.83 , 261.83 ," 50,215,800.00 "
11/10/2021, 262.55 , 267.08 , 261.83 , 263.98 , 263.98 ," 42,600,900.00 "
12/10/2021, 266.98 , 270.77 , 265.52 , 268.57 , 268.57 ," 66,060,000.00 "
13/10/2021, 270.16 , 271.80 , 268.59 , 270.36 , 270.36 ," 42,360,300.00 "
14/10/2021, 271.83 , 273.42 , 271.12 , 272.77 , 272.77 ," 36,741,600.00 "
15/10/2021, 274.58 , 281.07 , 274.12 , 281.01 , 281.01 ," 56,773,800.00 "
18/10/2021, 283.93 , 291.75 , 283.82 , 290.04 , 290.04 ," 72,621,600.00 "
19/10/2021, 292.51 , 292.65 , 287.50 , 288.09 , 288.09 ," 52,143,300.00 "
20/10/2021, 288.45 , 289.83 , 285.79 , 288.60 , 288.60 ," 42,096,300.00 "
21/10/2021, 285.33 , 300.00 , 285.17 , 298.00 , 298.00 ," 94,444,500.00 "
22/10/2021, 298.50 , 303.33 , 296.99 , 303.23 , 303.23 ," 68,642,400.00 "
25/10/2021, 316.84 , 348.34 , 314.73 , 341.62 , 341.62 ," 188,556,300.00 "
26/10/2021, 341.56 , 364.98 , 333.81 , 339.48 , 339.48 ," 187,245,000.00 "
27/10/2021, 346.55 , 356.96 , 343.59 , 345.95 , 345.95 ," 115,579,500.00 "
28/10/2021, 356.10 , 360.33 , 351.40 , 359.01 , 359.01 ," 81,639,600.00 "
29/10/2021, 360.62 , 371.74 , 357.74 , 371.33 , 371.33 ," 89,755,200.00 "
01/11/2021, 381.67 , 403.25 , 372.89 , 402.86 , 402.86 ," 168,146,100.00 "
02/11/2021, 386.45 , 402.86 , 382.00 , 390.67 , 390.67 ," 128,213,400.00 "
03/11/2021, 392.44 , 405.13 , 384.21 , 404.62 , 404.62 ," 103,885,500.00 "
04/11/2021, 411.47 , 414.50 , 405.67 , 409.97 , 409.97 ," 76,192,200.00 "
05/11/2021, 409.33 , 413.29 , 402.67 , 407.36 , 407.36 ," 64,886,400.00 "
08/11/2021, 383.26 , 399.00 , 377.67 , 387.65 , 387.65 ," 100,337,100.00 "
09/11/2021, 391.20 , 391.50 , 337.17 , 341.17 , 341.17 ," 177,317,400.00 "
10/11/2021, 336.80 , 359.37 , 329.10 , 355.98 , 355.98 ," 128,408,100.00 "
11/11/2021, 367.59 , 368.32 , 351.56 , 354.50 , 354.50 ," 67,189,800.00 "
12/11/2021, 349.17 , 351.50 , 339.73 , 344.47 , 344.47 ," 76,719,300.00 "
15/11/2021, 339.21 , 343.99 , 326.20 , 337.80 , 337.80 ," 104,326,800.00 "
16/11/2021, 334.44 , 352.40 , 334.06 , 351.58 , 351.58 ," 79,627,200.00 "
17/11/2021, 354.50 , 373.21 , 351.83 , 363.00 , 363.00 ," 94,336,200.00 "
18/11/2021, 368.85 , 370.67 , 358.34 , 365.46 , 365.46 ," 62,696,700.00 "
19/11/2021, 366.29 , 379.57 , 364.23 , 379.02 , 379.02 ," 64,926,900.00 "
22/11/2021, 387.44 , 400.65 , 377.48 , 385.62 , 385.62 ," 99,217,500.00 "
23/11/2021, 389.17 , 393.50 , 354.23 , 369.68 , 369.68 ," 108,515,100.00 "
24/11/2021, 360.13 , 377.59 , 354.00 , 372.00 , 372.00 ," 67,680,600.00 "
26/11/2021, 366.49 , 369.59 , 360.33 , 360.64 , 360.64 ," 35,042,700.00 "
29/11/2021, 367.00 , 380.89 , 366.73 , 379.00 , 379.00 ," 58,393,500.00 "
30/11/2021, 381.46 , 389.33 , 372.67 , 381.59 , 381.59 ," 81,276,000.00 "
01/12/2021, 386.90 , 390.95 , 363.59 , 365.00 , 365.00 ," 68,450,400.00 "
02/12/2021, 366.35 , 371.00 , 352.22 , 361.53 , 361.53 ," 73,114,800.00 "
03/12/2021, 361.60 , 363.53 , 333.40 , 338.32 , 338.32 ," 92,322,000.00 "
06/12/2021, 333.84 , 340.55 , 316.83 , 336.34 , 336.34 ," 81,663,000.00 "
07/12/2021, 348.07 , 352.56 , 342.27 , 350.58 , 350.58 ," 56,084,700.00 "
08/12/2021, 350.90 , 357.46 , 344.33 , 356.32 , 356.32 ," 41,906,400.00 "
09/12/2021, 353.55 , 354.16 , 334.12 , 334.60 , 334.60 ," 59,438,400.00 "
10/12/2021, 336.25 , 340.33 , 327.51 , 339.01 , 339.01 ," 59,664,300.00 "
13/12/2021, 333.70 , 335.00 , 317.14 , 322.14 , 322.14 ," 78,595,500.00 "
14/12/2021, 315.00 , 322.14 , 310.00 , 319.50 , 319.50 ," 70,806,300.00 "
15/12/2021, 317.74 , 326.25 , 309.42 , 325.33 , 325.33 ," 75,169,200.00 "
16/12/2021, 331.50 , 331.66 , 307.28 , 308.97 , 308.97 ," 82,771,500.00 "
17/12/2021, 304.92 , 320.22 , 303.01 , 310.86 , 310.86 ," 100,437,300.00 "
20/12/2021, 303.57 , 307.23 , 297.80 , 299.98 , 299.98 ," 56,480,100.00 "
21/12/2021, 305.62 , 313.17 , 295.37 , 312.84 , 312.84 ," 71,517,900.00 "
22/12/2021, 321.89 , 338.55 , 319.02 , 336.29 , 336.29 ," 93,634,200.00 "
23/12/2021, 335.60 , 357.66 , 332.52 , 355.67 , 355.67 ," 92,713,200.00 "
27/12/2021, 357.89 , 372.33 , 356.91 , 364.65 , 364.65 ," 71,145,900.00 "
28/12/2021, 369.83 , 373.00 , 359.47 , 362.82 , 362.82 ," 60,324,000.00 "
29/12/2021, 366.21 , 368.00 , 354.71 , 362.06 , 362.06 ," 56,154,000.00 "
30/12/2021, 353.78 , 365.18 , 351.05 , 356.78 , 356.78 ," 47,040,900.00 "
31/12/2021, 357.81 , 360.67 , 351.53 , 352.26 , 352.26 ," 40,733,700.00 "
03/01/2022, 382.58 , 400.36 , 378.68 , 399.93 , 399.93 ," 103,931,400.00 "
04/01/2022, 396.52 , 402.67 , 374.35 , 383.20 , 383.20 ," 100,248,300.00 "
05/01/2022, 382.22 , 390.11 , 360.34 , 362.71 , 362.71 ," 80,119,800.00 "
06/01/2022, 359.00 , 362.67 , 340.17 , 354.90 , 354.90 ," 90,336,600.00 "
07/01/2022, 360.12 , 360.31 , 336.67 , 342.32 , 342.32 ," 84,164,700.00 "
10/01/2022, 333.33 , 353.03 , 326.67 , 352.71 , 352.71 ," 91,815,000.00 "
11/01/2022, 351.22 , 358.62 , 346.27 , 354.80 , 354.80 ," 66,063,300.00 "
12/01/2022, 359.62 , 371.61 , 357.53 , 368.74 , 368.74 ," 83,739,000.00 "
13/01/2022, 369.69 , 371.87 , 342.18 , 343.85 , 343.85 ," 97,209,900.00 "
14/01/2022, 339.96 , 350.67 , 337.79 , 349.87 , 349.87 ," 72,924,300.00 "
18/01/2022, 342.20 , 356.93 , 338.69 , 343.50 , 343.50 ," 66,743,400.00 "
19/01/2022, 347.24 , 351.56 , 331.67 , 331.88 , 331.88 ," 75,442,500.00 "
20/01/2022, 336.58 , 347.22 , 331.33 , 332.09 , 332.09 ," 70,488,600.00 "
21/01/2022, 332.11 , 334.85 , 313.50 , 314.63 , 314.63 ," 103,416,000.00 "
24/01/2022, 301.59 , 311.17 , 283.82 , 310.00 , 310.00 ," 151,565,700.00 "
25/01/2022, 304.73 , 317.09 , 301.07 , 306.13 , 306.13 ," 86,595,900.00 "
26/01/2022, 317.48 , 329.23 , 302.00 , 312.47 , 312.47 ," 104,867,400.00 "
27/01/2022, 311.12 , 311.80 , 276.33 , 276.37 , 276.37 ," 147,109,500.00 "
28/01/2022, 277.19 , 285.83 , 264.00 , 282.12 , 282.12 ," 134,789,100.00 "
31/01/2022, 290.90 , 312.66 , 287.35 , 312.24 , 312.24 ," 104,436,000.00 "
01/02/2022, 311.74 , 314.57 , 301.67 , 310.42 , 310.42 ," 73,138,200.00 "
02/02/2022, 309.39 , 310.50 , 296.47 , 301.89 , 301.89 ," 66,792,900.00 "
03/02/2022, 294.00 , 312.33 , 293.51 , 297.05 , 297.05 ," 78,855,600.00 "
04/02/2022, 299.07 , 312.17 , 293.72 , 307.77 , 307.77 ," 73,625,400.00 "
07/02/2022, 307.93 , 315.92 , 300.90 , 302.45 , 302.45 ," 60,994,500.00 "
08/02/2022, 301.84 , 308.76 , 298.27 , 307.33 , 307.33 ," 50,729,100.00 "
09/02/2022, 311.67 , 315.42 , 306.67 , 310.67 , 310.67 ," 52,259,400.00 "
10/02/2022, 302.79 , 314.60 , 298.90 , 301.52 , 301.52 ," 66,126,900.00 "
11/02/2022, 303.21 , 305.32 , 283.57 , 286.67 , 286.67 ," 79,645,800.00 "
14/02/2022, 287.19 , 299.63 , 284.38 , 291.92 , 291.92 ," 67,756,500.00 "
15/02/2022, 300.00 , 307.67 , 297.79 , 307.48 , 307.48 ," 57,286,200.00 "
16/02/2022, 304.68 , 308.81 , 300.40 , 307.80 , 307.80 ," 51,294,300.00 "
17/02/2022, 304.42 , 306.17 , 291.37 , 292.12 , 292.12 ," 55,178,400.00 "
18/02/2022, 295.33 , 295.62 , 279.20 , 285.66 , 285.66 ," 68,501,700.00 "
22/02/2022, 278.04 , 285.58 , 267.03 , 273.84 , 273.84 ," 83,288,100.00 "
23/02/2022, 276.81 , 278.43 , 253.52 , 254.68 , 254.68 ," 95,256,900.00 "
24/02/2022, 233.46 , 267.49 , 233.33 , 266.92 , 266.92 ," 135,322,200.00 "
25/02/2022, 269.74 , 273.17 , 260.80 , 269.96 , 269.96 ," 76,067,700.00 "
28/02/2022, 271.67 , 292.29 , 271.57 , 290.14 , 290.14 ," 99,006,900.00 "
01/03/2022, 289.89 , 296.63 , 284.59 , 288.12 , 288.12 ," 74,766,900.00 "
02/03/2022, 290.71 , 295.49 , 281.42 , 293.30 , 293.30 ," 74,643,300.00 "
03/03/2022, 292.92 , 295.48 , 277.53 , 279.76 , 279.76 ," 61,623,600.00 "
04/03/2022, 283.03 , 285.22 , 275.05 , 279.43 , 279.43 ," 66,999,600.00 "
07/03/2022, 285.43 , 288.71 , 268.19 , 268.19 , 268.19 ," 72,494,100.00 "
08/03/2022, 265.18 , 283.33 , 260.72 , 274.80 , 274.80 ," 80,399,100.00 "
09/03/2022, 279.83 , 286.85 , 277.34 , 286.32 , 286.32 ," 59,184,000.00 "
10/03/2022, 283.82 , 284.82 , 270.12 , 279.43 , 279.43 ," 58,648,500.00 "
11/03/2022, 280.07 , 281.27 , 264.59 , 265.12 , 265.12 ," 67,037,100.00 "
14/03/2022, 260.20 , 266.90 , 252.01 , 255.46 , 255.46 ," 71,152,200.00 "
15/03/2022, 258.42 , 268.52 , 252.19 , 267.30 , 267.30 ," 66,841,200.00 "
16/03/2022, 269.67 , 280.67 , 267.42 , 280.08 , 280.08 ," 84,028,800.00 "
17/03/2022, 277.00 , 291.67 , 275.24 , 290.53 , 290.53 ," 66,582,900.00 "
18/03/2022, 291.50 , 302.62 , 289.13 , 301.80 , 301.80 ," 100,414,200.00 "
21/03/2022, 304.99 , 314.28 , 302.36 , 307.05 , 307.05 ," 81,981,600.00 "
22/03/2022, 310.00 , 332.62 , 307.25 , 331.33 , 331.33 ," 105,868,500.00 "
23/03/2022, 326.65 , 346.90 , 325.47 , 333.04 , 333.04 ," 120,676,200.00 "
24/03/2022, 336.58 , 341.50 , 329.60 , 337.97 , 337.97 ," 68,920,800.00 "
25/03/2022, 336.00 , 340.60 , 332.44 , 336.88 , 336.88 ," 62,031,600.00 "
28/03/2022, 355.03 , 365.96 , 351.20 , 363.95 , 363.95 ," 102,506,100.00 "
29/03/2022, 369.33 , 371.59 , 357.70 , 366.52 , 366.52 ," 73,614,900.00 "
30/03/2022, 363.72 , 371.32 , 361.33 , 364.66 , 364.66 ," 59,865,000.00 "
31/03/2022, 364.86 , 367.71 , 358.88 , 359.20 , 359.20 ," 48,992,700.00 "
01/04/2022, 360.38 , 364.92 , 355.55 , 361.53 , 361.53 ," 54,263,100.00 "
04/04/2022, 363.13 , 383.30 , 357.51 , 381.82 , 381.82 ," 82,035,900.00 "
05/04/2022, 378.77 , 384.29 , 362.43 , 363.75 , 363.75 ," 80,075,100.00 "
06/04/2022, 357.82 , 359.67 , 342.57 , 348.59 , 348.59 ," 89,348,400.00 "
07/04/2022, 350.80 , 358.86 , 340.51 , 352.42 , 352.42 ," 79,447,200.00 "
08/04/2022, 347.74 , 349.48 , 340.81 , 341.83 , 341.83 ," 55,013,700.00 "
11/04/2022, 326.80 , 336.16 , 324.88 , 325.31 , 325.31 ," 59,357,100.00 "
12/04/2022, 332.55 , 340.40 , 325.53 , 328.98 , 328.98 ," 65,976,000.00 "
13/04/2022, 327.03 , 342.08 , 324.37 , 340.79 , 340.79 ," 55,121,100.00 "
14/04/2022, 333.10 , 337.57 , 327.40 , 328.33 , 328.33 ," 58,422,300.00 "
18/04/2022, 329.68 , 338.31 , 324.47 , 334.76 , 334.76 ," 51,715,200.00 "
19/04/2022, 335.02 , 344.98 , 331.78 , 342.72 , 342.72 ," 49,847,700.00 "
20/04/2022, 343.33 , 344.67 , 325.08 , 325.73 , 325.73 ," 70,711,200.00 "
21/04/2022, 358.24 , 364.07 , 332.14 , 336.26 , 336.26 ," 105,416,400.00 "
22/04/2022, 338.30 , 344.95 , 331.33 , 335.02 , 335.02 ," 69,696,600.00 "
25/04/2022, 326.32 , 336.21 , 325.10 , 332.67 , 332.67 ," 68,341,200.00 "
26/04/2022, 331.81 , 333.33 , 291.67 , 292.14 , 292.14 ," 136,133,700.00 "
27/04/2022, 299.53 , 306.00 , 292.45 , 293.84 , 293.84 ," 76,956,300.00 "
28/04/2022, 299.99 , 300.00 , 273.90 , 292.50 , 292.50 ," 124,948,500.00 "
29/04/2022, 300.75 , 311.47 , 290.00 , 290.25 , 290.25 ," 88,133,100.00 "
02/05/2022, 286.92 , 302.12 , 282.68 , 300.98 , 300.98 ," 75,781,500.00 "
03/05/2022, 301.06 , 308.03 , 296.20 , 303.08 , 303.08 ," 63,709,500.00 "
04/05/2022, 301.31 , 318.50 , 295.09 , 317.54 , 317.54 ," 81,643,800.00 "
05/05/2022, 313.01 , 315.20 , 285.90 , 291.09 , 291.09 ," 92,519,100.00 "
06/05/2022, 295.67 , 296.00 , 281.04 , 288.55 , 288.55 ," 72,903,000.00 "
09/05/2022, 278.82 , 281.88 , 260.38 , 262.37 , 262.37 ," 90,810,300.00 "
10/05/2022, 273.10 , 275.12 , 258.08 , 266.68 , 266.68 ," 84,401,700.00 "
11/05/2022, 265.00 , 269.92 , 242.40 , 244.67 , 244.67 ," 97,224,600.00 "
12/05/2022, 233.67 , 253.22 , 226.67 , 242.67 , 242.67 ," 140,313,000.00 "
13/05/2022, 257.83 , 262.45 , 250.52 , 256.53 , 256.53 ," 92,150,700.00 "
16/05/2022, 255.72 , 256.59 , 239.70 , 241.46 , 241.46 ," 86,098,500.00 "
17/05/2022, 249.12 , 254.83 , 242.95 , 253.87 , 253.87 ," 80,236,200.00 "
18/05/2022, 248.17 , 253.50 , 233.60 , 236.60 , 236.60 ," 87,811,800.00 "
19/05/2022, 235.67 , 244.67 , 231.37 , 236.47 , 236.47 ," 90,296,700.00 "
20/05/2022, 238.00 , 240.53 , 211.00 , 221.30 , 221.30 ," 144,973,200.00 "
23/05/2022, 218.34 , 226.65 , 212.69 , 224.97 , 224.97 ," 88,903,500.00 "
24/05/2022, 217.84 , 217.97 , 206.86 , 209.39 , 209.39 ," 89,092,500.00 "
25/05/2022, 207.95 , 223.11 , 207.67 , 219.60 , 219.60 ," 92,139,300.00 "
26/05/2022, 220.47 , 239.56 , 217.89 , 235.91 , 235.91 ," 106,003,200.00 "
27/05/2022, 241.08 , 253.27 , 240.18 , 253.21 , 253.21 ," 89,295,000.00 "
31/05/2022, 257.95 , 259.60 , 244.74 , 252.75 , 252.75 ," 101,914,500.00 "
01/06/2022, 251.72 , 257.33 , 243.64 , 246.79 , 246.79 ," 77,247,900.00 "
02/06/2022, 244.16 , 264.21 , 242.07 , 258.33 , 258.33 ," 93,473,100.00 "
03/06/2022, 243.23 , 247.80 , 233.42 , 234.52 , 234.52 ," 112,393,800.00 "
06/06/2022, 244.35 , 244.87 , 234.35 , 238.28 , 238.28 ," 84,204,600.00 "
07/06/2022, 234.00 , 240.00 , 230.09 , 238.89 , 238.89 ," 72,808,500.00 "
08/06/2022, 240.09 , 249.96 , 239.18 , 241.87 , 241.87 ," 76,210,500.00 "
09/06/2022, 249.34 , 255.55 , 239.33 , 239.71 , 239.71 ," 96,491,400.00 "
10/06/2022, 235.16 , 239.50 , 227.91 , 232.23 , 232.23 ," 97,536,600.00 "
13/06/2022, 223.17 , 226.63 , 214.68 , 215.74 , 215.74 ," 102,767,400.00 "
14/06/2022, 218.29 , 226.33 , 211.74 , 220.89 , 220.89 ," 97,988,700.00 "
15/06/2022, 220.92 , 235.66 , 218.15 , 233.00 , 233.00 ," 119,131,800.00 "
16/06/2022, 222.74 , 225.17 , 208.69 , 213.10 , 213.10 ," 107,390,700.00 "
17/06/2022, 213.43 , 220.97 , 213.20 , 216.76 , 216.76 ," 92,641,800.00 "
21/06/2022, 224.60 , 243.58 , 224.33 , 237.04 , 237.04 ," 122,793,000.00 "
22/06/2022, 234.50 , 246.83 , 233.83 , 236.09 , 236.09 ," 101,107,500.00 "
23/06/2022, 237.91 , 239.32 , 228.64 , 235.07 , 235.07 ," 104,202,600.00 "
24/06/2022, 237.47 , 246.07 , 236.09 , 245.71 , 245.71 ," 95,770,800.00 "
27/06/2022, 249.37 , 252.07 , 242.57 , 244.92 , 244.92 ," 89,178,300.00 "
28/06/2022, 244.48 , 249.97 , 232.34 , 232.66 , 232.66 ," 90,391,200.00 "
29/06/2022, 230.50 , 231.17 , 222.27 , 228.49 , 228.49 ," 82,897,200.00 "
30/06/2022, 224.51 , 229.46 , 218.86 , 224.47 , 224.47 ," 94,600,500.00 "
01/07/2022, 227.00 , 230.23 , 222.12 , 227.26 , 227.26 ," 74,460,300.00 "
05/07/2022, 223.00 , 233.15 , 216.17 , 233.07 , 233.07 ," 84,581,100.00 "
06/07/2022, 230.78 , 234.56 , 227.19 , 231.73 , 231.73 ," 71,853,600.00 "
07/07/2022, 233.92 , 245.36 , 232.21 , 244.54 , 244.54 ," 81,930,600.00 "
08/07/2022, 242.33 , 254.98 , 241.16 , 250.76 , 250.76 ," 101,854,200.00 "
11/07/2022, 252.10 , 253.06 , 233.63 , 234.34 , 234.34 ," 99,241,200.00 "
12/07/2022, 236.85 , 239.77 , 228.37 , 233.07 , 233.07 ," 87,930,900.00 "
13/07/2022, 225.50 , 242.06 , 225.03 , 237.04 , 237.04 ," 97,954,500.00 "
14/07/2022, 234.90 , 238.65 , 229.33 , 238.31 , 238.31 ," 78,557,400.00 "
15/07/2022, 240.00 , 243.62 , 236.89 , 240.07 , 240.07 ," 69,683,100.00 "
18/07/2022, 244.94 , 250.52 , 239.60 , 240.55 , 240.55 ," 82,537,500.00 "
19/07/2022, 245.00 , 247.14 , 236.98 , 245.53 , 245.53 ," 80,890,200.00 "
20/07/2022, 246.78 , 250.66 , 243.48 , 247.50 , 247.50 ," 88,864,200.00 "
21/07/2022, 255.11 , 273.27 , 254.87 , 271.71 , 271.71 ," 142,032,300.00 "
22/07/2022, 276.22 , 280.79 , 270.71 , 272.24 , 272.24 ," 103,472,700.00 "
25/07/2022, 272.22 , 274.15 , 267.40 , 268.43 , 268.43 ," 64,073,400.00 "
26/07/2022, 266.51 , 267.31 , 256.26 , 258.86 , 258.86 ," 66,820,800.00 "
27/07/2022, 263.81 , 275.93 , 261.79 , 274.82 , 274.82 ," 88,110,000.00 "
28/07/2022, 280.07 , 283.30 , 272.80 , 280.90 , 280.90 ," 84,723,000.00 "
29/07/2022, 280.70 , 298.32 , 279.10 , 297.15 , 297.15 ," 95,313,000.00 "
01/08/2022, 301.28 , 311.88 , 295.00 , 297.28 , 297.28 ," 117,042,900.00 "
02/08/2022, 294.00 , 307.83 , 292.67 , 300.59 , 300.59 ," 95,577,600.00 "
03/08/2022, 305.00 , 309.55 , 301.15 , 307.40 , 307.40 ," 80,091,000.00 "
04/08/2022, 311.00 , 313.61 , 305.00 , 308.63 , 308.63 ," 72,256,200.00 "
05/08/2022, 302.67 , 304.61 , 285.54 , 288.17 , 288.17 ," 113,172,900.00 "
08/08/2022, 295.00 , 305.20 , 289.09 , 290.42 , 290.42 ," 98,994,000.00 "
09/08/2022, 290.29 , 292.40 , 279.35 , 283.33 , 283.33 ," 86,244,600.00 "
10/08/2022, 297.07 , 297.51 , 283.37 , 294.36 , 294.36 ," 94,918,800.00 "
11/08/2022, 296.51 , 298.24 , 285.83 , 286.63 , 286.63 ," 70,155,000.00 "
12/08/2022, 289.42 , 300.16 , 285.03 , 300.03 , 300.03 ," 79,657,200.00 "
15/08/2022, 301.79 , 313.13 , 301.23 , 309.32 , 309.32 ," 89,359,200.00 "
16/08/2022, 311.67 , 314.67 , 302.88 , 306.56 , 306.56 ," 88,136,400.00 "
17/08/2022, 303.40 , 309.66 , 300.03 , 304.00 , 304.00 ," 68,766,000.00 "
18/08/2022, 306.00 , 306.50 , 301.85 , 302.87 , 302.87 ," 47,500,500.00 "
19/08/2022, 299.00 , 300.36 , 292.50 , 296.67 , 296.67 ," 61,395,300.00 "
22/08/2022, 291.91 , 292.40 , 286.30 , 289.91 , 289.91 ," 55,843,200.00 "
23/08/2022, 291.45 , 298.83 , 287.92 , 296.45 , 296.45 ," 63,984,900.00 "
24/08/2022, 297.56 , 303.65 , 296.50 , 297.10 , 297.10 ," 57,259,800.00 "
25/08/2022, 302.36 , 302.96 , 291.60 , 296.07 , 296.07 ," 53,230,000.00 "
26/08/2022, 297.43 , 302.00 , 287.47 , 288.09 , 288.09 ," 57,163,900.00 "
29/08/2022, 282.83 , 287.74 , 280.70 , 284.82 , 284.82 ," 41,864,700.00 "
30/08/2022, 287.87 , 288.48 , 272.65 , 277.70 , 277.70 ," 50,541,800.00 "
31/08/2022, 280.62 , 281.25 , 271.81 , 275.61 , 275.61 ," 52,107,300.00 "
01/09/2022, 272.58 , 277.58 , 266.15 , 277.16 , 277.16 ," 54,287,000.00 "
02/09/2022, 281.07 , 282.35 , 269.08 , 270.21 , 270.21 ," 50,890,100.00 "
06/09/2022, 272.68 , 275.99 , 265.74 , 274.42 , 274.42 ," 55,860,000.00 "
07/09/2022, 273.10 , 283.84 , 272.27 , 283.70 , 283.70 ," 50,028,900.00 "
08/09/2022, 281.30 , 289.50 , 279.76 , 289.26 , 289.26 ," 53,713,100.00 "
09/09/2022, 291.67 , 299.85 , 291.25 , 299.68 , 299.68 ," 54,338,100.00 "
12/09/2022, 300.72 , 305.49 , 300.40 , 304.42 , 304.42 ," 48,674,600.00 "
13/09/2022, 292.90 , 297.40 , 290.40 , 292.13 , 292.13 ," 68,229,600.00 "
14/09/2022, 292.24 , 306.00 , 291.64 , 302.61 , 302.61 ," 72,628,700.00 "
15/09/2022, 301.83 , 309.12 , 300.72 , 303.75 , 303.75 ," 64,795,500.00 "
16/09/2022, 299.61 , 303.71 , 295.60 , 303.35 , 303.35 ," 87,087,800.00 "
19/09/2022, 300.09 , 309.84 , 297.80 , 309.07 , 309.07 ," 60,231,200.00 "
20/09/2022, 306.91 , 313.33 , 305.58 , 308.73 , 308.73 ," 61,642,800.00 "
21/09/2022, 308.29 , 313.80 , 300.63 , 300.80 , 300.80 ," 62,555,700.00 "
22/09/2022, 299.86 , 301.29 , 285.82 , 288.59 , 288.59 ," 70,545,400.00 "
23/09/2022, 283.09 , 284.50 , 272.82 , 275.33 , 275.33 ," 63,748,400.00 "
26/09/2022, 271.83 , 284.09 , 270.31 , 276.01 , 276.01 ," 58,076,900.00 "
27/09/2022, 283.84 , 288.67 , 277.51 , 282.94 , 282.94 ," 61,925,200.00 "
28/09/2022, 283.08 , 289.00 , 277.57 , 287.81 , 287.81 ," 54,664,800.00 "
29/09/2022, 282.76 , 283.65 , 265.78 , 268.21 , 268.21 ," 77,620,600.00 "
30/09/2022, 266.15 , 275.57 , 262.47 , 265.25 , 265.25 ," 67,726,600.00 "
03/10/2022, 254.50 , 255.16 , 241.01 , 242.40 , 242.40 ," 98,363,500.00 "
04/10/2022, 250.52 , 257.50 , 242.01 , 249.44 , 249.44 ," 109,578,500.00 "
05/10/2022, 245.01 , 246.67 , 233.27 , 240.81 , 240.81 ," 86,982,700.00 "
06/10/2022, 239.44 , 244.58 , 235.35 , 238.13 , 238.13 ," 69,298,400.00 "
07/10/2022, 233.94 , 234.57 , 222.02 , 223.07 , 223.07 ," 83,916,800.00 "
10/10/2022, 223.93 , 226.99 , 218.36 , 222.96 , 222.96 ," 67,925,000.00 "
11/10/2022, 220.95 , 225.75 , 215.00 , 216.50 , 216.50 ," 77,013,200.00 "
12/10/2022, 215.33 , 219.30 , 211.51 , 217.24 , 217.24 ," 66,860,700.00 "
13/10/2022, 208.30 , 222.99 , 206.22 , 221.72 , 221.72 ," 91,483,000.00 "
14/10/2022, 224.01 , 226.26 , 204.16 , 204.99 , 204.99 ," 94,124,500.00 "
17/10/2022, 210.04 , 221.86 , 209.45 , 219.35 , 219.35 ," 79,428,800.00 "
18/10/2022, 229.50 , 229.82 , 217.25 , 220.19 , 220.19 ," 75,891,900.00 "
19/10/2022, 219.80 , 222.93 , 217.78 , 222.04 , 222.04 ," 66,571,500.00 "
20/10/2022, 208.28 , 215.55 , 202.00 , 207.28 , 207.28 ," 117,798,100.00 "
21/10/2022, 206.42 , 214.66 , 203.80 , 214.44 , 214.44 ," 75,713,800.00 "
24/10/2022, 205.82 , 213.50 , 198.59 , 211.25 , 211.25 ," 100,446,800.00 "
25/10/2022, 210.10 , 224.35 , 210.00 , 222.42 , 222.42 ," 96,507,900.00 "
26/10/2022, 219.40 , 230.60 , 218.20 , 224.64 , 224.64 ," 85,012,500.00 "
27/10/2022, 229.77 , 233.81 , 222.85 , 225.09 , 225.09 ," 61,638,800.00 "
28/10/2022, 225.40 , 228.86 , 216.35 , 228.52 , 228.52 ," 69,152,400.00 "
31/10/2022, 226.19 , 229.85 , 221.94 , 227.54 , 227.54 ," 61,554,300.00 "
01/11/2022, 234.05 , 237.40 , 227.28 , 227.82 , 227.82 ," 62,688,800.00 "
02/11/2022, 226.04 , 227.87 , 214.82 , 214.98 , 214.98 ," 63,070,300.00 "
03/11/2022, 211.36 , 221.20 , 210.14 , 215.31 , 215.31 ," 56,538,800.00 "
04/11/2022, 222.60 , 223.80 , 203.08 , 207.47 , 207.47 ," 98,622,200.00 "
07/11/2022, 208.65 , 208.90 , 196.66 , 197.08 , 197.08 ," 93,916,500.00 "
08/11/2022, 194.02 , 195.20 , 186.75 , 191.30 , 191.30 ," 128,803,400.00 "
09/11/2022, 190.78 , 195.89 , 177.12 , 177.59 , 177.59 ," 127,062,700.00 "
10/11/2022, 189.90 , 191.00 , 180.03 , 190.72 , 190.72 ," 132,703,000.00 "
11/11/2022, 186.00 , 196.52 , 182.59 , 195.97 , 195.97 ," 114,403,600.00 "
14/11/2022, 192.77 , 195.73 , 186.34 , 190.95 , 190.95 ," 92,226,600.00 "
15/11/2022, 195.88 , 200.82 , 192.06 , 194.42 , 194.42 ," 91,293,800.00 "
16/11/2022, 191.51 , 192.57 , 185.66 , 186.92 , 186.92 ," 66,567,600.00 "
17/11/2022, 183.96 , 186.16 , 180.90 , 183.17 , 183.17 ," 64,336,000.00 "
18/11/2022, 185.05 , 185.19 , 176.55 , 180.19 , 180.19 ," 76,048,900.00 "
21/11/2022, 175.85 , 176.77 , 167.54 , 167.87 , 167.87 ," 92,882,700.00 "
22/11/2022, 168.63 , 170.92 , 166.19 , 169.91 , 169.91 ," 78,452,300.00 "
23/11/2022, 173.57 , 183.62 , 172.50 , 183.20 , 183.20 ," 109,536,700.00 "
25/11/2022, 185.06 , 185.20 , 180.63 , 182.86 , 182.86 ," 50,672,700.00 "
28/11/2022, 179.96 , 188.50 , 179.00 , 182.92 , 182.92 ," 92,905,200.00 "
29/11/2022, 184.99 , 186.38 , 178.75 , 180.83 , 180.83 ," 83,357,100.00 "
30/11/2022, 182.43 , 194.76 , 180.63 , 194.70 , 194.70 ," 109,186,400.00 "
01/12/2022, 197.08 , 198.92 , 191.80 , 194.70 , 194.70 ," 80,046,200.00 "
02/12/2022, 191.78 , 196.25 , 191.11 , 194.86 , 194.86 ," 73,645,900.00 "
05/12/2022, 189.44 , 191.27 , 180.55 , 182.45 , 182.45 ," 93,122,700.00 "
06/12/2022, 181.22 , 183.65 , 175.33 , 179.82 , 179.82 ," 92,150,800.00 "
07/12/2022, 175.03 , 179.38 , 172.22 , 174.04 , 174.04 ," 84,213,300.00 "
08/12/2022, 172.20 , 175.20 , 169.06 , 173.44 , 173.44 ," 97,624,500.00 "
09/12/2022, 173.84 , 182.50 , 173.36 , 179.05 , 179.05 ," 104,872,300.00 "
12/12/2022, 176.10 , 177.37 , 167.52 , 167.82 , 167.82 ," 109,794,500.00 "
13/12/2022, 174.87 , 175.05 , 156.91 , 160.95 , 160.95 ," 175,862,700.00 "
14/12/2022, 159.25 , 161.62 , 155.31 , 156.80 , 156.80 ," 140,682,300.00 "
15/12/2022, 153.44 , 160.93 , 153.28 , 157.67 , 157.67 ," 122,334,500.00 "
16/12/2022, 159.64 , 160.99 , 150.04 , 150.23 , 150.23 ," 139,032,200.00 "
19/12/2022, 154.00 , 155.25 , 145.82 , 149.87 , 149.87 ," 139,390,600.00 "
20/12/2022, 146.05 , 148.47 , 137.66 , 137.80 , 137.80 ," 159,563,300.00 "
21/12/2022, 139.34 , 141.26 , 135.89 , 137.57 , 137.57 ," 145,417,400.00 "
22/12/2022, 136.00 , 136.63 , 122.26 , 125.35 , 125.35 ," 210,090,300.00 "
23/12/2022, 126.37 , 128.62 , 121.02 , 123.15 , 123.15 ," 166,989,700.00 "
27/12/2022, 117.50 , 119.67 , 108.76 , 109.10 , 109.10 ," 208,643,400.00 "
28/12/2022, 110.35 , 116.27 , 108.24 , 112.71 , 112.71 ," 221,070,500.00 "
29/12/2022, 120.39 , 123.57 , 117.50 , 121.82 , 121.82 ," 221,923,300.00 "
30/12/2022, 119.95 , 124.48 , 119.75 , 123.18 , 123.18 ," 157,304,500.00 "
03/01/2023, 118.47 , 118.80 , 104.64 , 108.10 , 108.10 ," 231,402,800.00 "
04/01/2023, 109.11 , 114.59 , 107.52 , 113.64 , 113.64 ," 180,389,000.00 "
05/01/2023, 110.51 , 111.75 , 107.16 , 110.34 , 110.34 ," 157,986,300.00 "
06/01/2023, 103.00 , 114.39 , 101.81 , 113.06 , 113.06 ," 220,575,900.00 "
